Run;n_layer;n_units;learning_rate;activation;criterion;decroissant;optimizer;Smoothed;Value;Step
T1_T2/trial_0;2;128;0,0002;sigmoid;Huber;1;RMSprop;3,9357;3,9357;5 355
T1_T2/trial_1;2;1 024;0;sigmoid;MAE;0;Adam;3,5661;3,5661;13 515
T1_T2/trial_10;3;256;0,0001;tanh;MSE;0;Adam;3,7907;3,7907;6 290
T1_T2/trial_11;4;64;0,0001;ReLU;MAE;0;Adam;3,3423;3,3423;1 870
T1_T2/trial_12;4;256;0,0006;ReLU;Huber;1;RMSprop;3,7362;3,7362;176
T1_T2/trial_13;4;1 024;0;ReLU;MSE;0;RMSprop;3,5065;3,5065;935
T1_T2/trial_14;2;512;0,0001;tanh;Huber;1;Adam;3,4833;3,4833;6 290
T1_T2/trial_15;2;512;0,0001;tanh;MAE;0;Adam;3,4129;3,4129;4 760
T1_T2/trial_16;1;512;0;tanh;Huber;1;Adam;3,4278;3,4278;9 350
T1_T2/trial_17;1;512;0,0001;tanh;Huber;1;Adam;3,4466;3,4466;3 740
T1_T2/trial_18;1;512;0,0002;tanh;MAE;1;Adam;3,5019;3,5019;5 100
T1_T2/trial_19;1;512;0,0007;tanh;MSE;1;Adam;3,4834;3,4834;4 930
T1_T2/trial_2;2;256;0;sigmoid;Huber;0;Adam;3,5533;3,5533;21 420
T1_T2/trial_20;1;64;0;tanh;Huber;1;Adam;22,956;22,956;4 400
T1_T2/trial_21;1;512;0,0001;tanh;Huber;1;Adam;3,3577;3,3577;5 270
T1_T2/trial_22;1;512;0,0005;tanh;Huber;1;Adam;3,5674;3,5674;2 720
T1_T2/trial_23;1;512;0,0001;tanh;Huber;1;Adam;3,4394;3,4394;2 380
T1_T2/trial_24;1;512;0,0001;tanh;Huber;1;Adam;3,3551;3,3551;4 420
T1_T2/trial_25;2;512;0;tanh;Huber;1;Adagrad;23,4006;23,4006;34 000
T1_T2/trial_26;3;512;0;tanh;Huber;1;Adam;3,5126;3,5126;26 690
T1_T2/trial_27;3;512;0;tanh;Huber;1;Adam;3,4504;3,4504;21 250
T1_T2/trial_28;4;1 024;0;tanh;MAE;1;Adam;18,0439;18,0439;8 600
T1_T2/trial_29;3;128;0;tanh;MSE;1;Adagrad;33,3205;33,3205;4 400
T1_T2/trial_3;1;32;0,0037;tanh;Huber;1;RMSprop;7,4936;7,4936;462
T1_T2/trial_30;3;64;0,0004;tanh;Huber;1;Adam;3,632;3,632;15 300
T1_T2/trial_31;1;512;0,0001;tanh;Huber;1;Adam;3,3291;3,3291;5 950
T1_T2/trial_32;2;512;0,0001;tanh;Huber;1;Adam;3,526;3,526;5 950
T1_T2/trial_33;1;512;0;tanh;Huber;1;Adam;3,3473;3,3473;14 450
T1_T2/trial_34;1;128;0;tanh;Huber;1;Adam;3,3993;3,3993;22 780
T1_T2/trial_35;1;512;0,0002;sigmoid;Huber;1;Adam;3,619;3,619;2 550
T1_T2/trial_36;2;1 024;0;tanh;Huber;1;Adam;3,4636;3,4636;4 760
T1_T2/trial_37;2;512;0,0001;tanh;Huber;1;RMSprop;3,5698;3,5698;2 024
T1_T2/trial_38;1;512;0;tanh;MAE;1;Adam;3,4574;3,4574;5 160
T1_T2/trial_39;1;32;0,0003;sigmoid;Huber;1;Adagrad;30,8396;30,8396;34 000
T1_T2/trial_4;5;32;0,0078;ReLU;Huber;1;RMSprop;3,9288;3,9288;1 360
T1_T2/trial_40;2;512;0,0002;tanh;Huber;1;Adam;3,6171;3,6171;2 720
T1_T2/trial_41;1;512;0;tanh;Huber;1;Adam;3,3366;3,3366;16 660
T1_T2/trial_42;1;512;0;tanh;Huber;1;Adam;3,3384;3,3384;18 870
T1_T2/trial_43;1;512;0;tanh;Huber;1;Adam;3,3747;3,3747;14 450
T1_T2/trial_44;1;256;0;sigmoid;Huber;0;Adam;3,5077;3,5077;32 470
T1_T2/trial_45;2;128;0,0017;ReLU;Huber;1;RMSprop;3,3151;3,3151;2 890
T1_T2/trial_46;1;32;0;tanh;MSE;1;Adam;28,7051;28,7051;8 600
T1_T2/trial_47;2;512;0;tanh;Huber;0;Adam;3,4252;3,4252;8 160
T1_T2/trial_48;1;64;0,0001;ReLU;Huber;1;Adagrad;4,3232;4,3232;34 000
T1_T2/trial_49;1;512;0;tanh;Huber;1;RMSprop;3,3833;3,3833;14 450
T1_T2/trial_5;1;512;0,0003;sigmoid;Huber;1;Adagrad;14,5684;14,5684;8 600
T1_T2/trial_6;2;32;0,0014;ReLU;MSE;0;Adam;3,3876;3,3876;387
T1_T2/trial_7;5;128;0,0033;sigmoid;Huber;1;Adagrad;25,8461;25,8461;34 000
T1_T2/trial_8;5;256;0,009;ReLU;Huber;1;RMSprop;10,3829;10,3829;516
T1_T2/trial_9;3;32;0;sigmoid;Huber;0;Adagrad;34,487;34,487;17 000
T1-T2_T3/trial_0;2;32;0,0001;sigmoid;MAE;1;Adam;21,6442;21,6442;6 600
T1-T2_T3/trial_1;4;256;0,0025;sigmoid;MAE;0;Adam;8,3791;8,3791;363
T1-T2_T3/trial_10;3;64;0,001;ReLU;MAE;1;Adagrad;3,607;3,607;2 108
T1-T2_T3/trial_11;3;64;0,0011;ReLU;MAE;1;Adagrad;3,6417;3,6417;1 836
T1-T2_T3/trial_12;3;512;0,0001;ReLU;MAE;1;Adagrad;3,5352;3,5352;2 499
T1-T2_T3/trial_13;3;512;0,0001;ReLU;MAE;1;Adagrad;3,5491;3,5491;3 213
T1-T2_T3/trial_14;5;512;0;ReLU;MAE;1;Adagrad;4,1774;4,1774;26 400
T1-T2_T3/trial_15;1;512;0,0002;ReLU;Huber;1;Adam;3,3889;3,3889;663
T1-T2_T3/trial_16;1;512;0,0002;ReLU;Huber;1;Adagrad;3,5049;3,5049;3 400
T1-T2_T3/trial_17;1;512;0,0003;ReLU;Huber;1;Adam;3,4143;3,4143;476
T1-T2_T3/trial_18;1;512;0,0003;ReLU;Huber;1;Adagrad;3,4814;3,4814;3 400
T1-T2_T3/trial_19;1;512;0;ReLU;Huber;1;Adagrad;8,749;8,749;3 400
T1-T2_T3/trial_2;2;64;0,0001;tanh;Huber;0;RMSprop;4,2329;4,2329;11 220
T1-T2_T3/trial_20;1;512;0,0016;ReLU;Huber;1;Adagrad;3,5372;3,5372;238
T1-T2_T3/trial_21;1;512;0,0003;ReLU;Huber;1;Adagrad;3,4536;3,4536;2 788
T1-T2_T3/trial_22;2;512;0,0004;ReLU;Huber;1;Adagrad;3,4164;3,4164;952
T1-T2_T3/trial_23;1;512;0,0006;ReLU;Huber;1;Adagrad;3,5291;3,5291;850
T1-T2_T3/trial_24;1;512;0,0003;ReLU;Huber;1;Adagrad;3,4769;3,4769;3 400
T1-T2_T3/trial_25;2;512;0,0094;ReLU;Huber;1;Adagrad;3,5772;3,5772;561
T1-T2_T3/trial_26;1;1 024;0,0008;ReLU;Huber;0;Adagrad;3,4682;3,4682;408
T1-T2_T3/trial_27;2;256;0,0002;ReLU;Huber;1;Adagrad;3,5007;3,5007;3 400
T1-T2_T3/trial_28;2;256;0,0001;tanh;Huber;1;Adagrad;26,034;26,034;6 600
T1-T2_T3/trial_29;2;32;0,0002;sigmoid;MSE;1;Adagrad;31,377;31,377;13 200
T1-T2_T3/trial_3;2;1 024;0;sigmoid;MAE;0;Adam;3,5365;3,5365;17 160
T1-T2_T3/trial_30;2;256;0,0022;sigmoid;Huber;1;RMSprop;5,0667;5,0667;1 518
T1-T2_T3/trial_31;1;256;0,0005;ReLU;Huber;1;Adagrad;3,4308;3,4308;3 400
T1-T2_T3/trial_32;1;256;0,0006;ReLU;Huber;1;Adagrad;3,4755;3,4755;2 584
T1-T2_T3/trial_33;2;256;0,0005;ReLU;Huber;1;Adagrad;3,4772;3,4772;986
T1-T2_T3/trial_34;1;256;0,0014;ReLU;Huber;0;Adagrad;3,4867;3,4867;782
T1-T2_T3/trial_35;1;256;0,0008;sigmoid;Huber;1;Adagrad;17,9519;17,9519;3 400
T1-T2_T3/trial_36;2;128;0,0001;tanh;Huber;0;Adagrad;26,8806;26,8806;6 600
T1-T2_T3/trial_37;2;256;0,0034;ReLU;Huber;1;Adam;3,7324;3,7324;187
T1-T2_T3/trial_38;1;32;0,0002;ReLU;MSE;1;RMSprop;3,8137;3,8137;2 244
T1-T2_T3/trial_39;4;1 024;0,0001;sigmoid;Huber;0;Adagrad;13,6703;13,6703;13 200
T1-T2_T3/trial_4;4;128;0,0049;tanh;Huber;1;Adam;8,3498;8,3498;1 188
T1-T2_T3/trial_40;1;256;0,0004;tanh;Huber;1;Adam;3,7617;3,7617;935
T1-T2_T3/trial_41;1;128;0,0003;ReLU;Huber;1;Adagrad;3,6914;3,6914;3 400
T1-T2_T3/trial_42;1;512;0,0002;ReLU;Huber;1;Adagrad;3,5808;3,5808;3 400
T1-T2_T3/trial_43;2;64;0,0007;ReLU;Huber;1;Adagrad;3,5332;3,5332;3 400
T1-T2_T3/trial_44;1;256;0,0001;ReLU;MSE;1;Adagrad;3,57;3,57;26 400
T1-T2_T3/trial_45;1;32;0,0003;ReLU;Huber;1;RMSprop;3,6008;3,6008;510
T1-T2_T3/trial_46;2;512;0,001;ReLU;Huber;1;Adagrad;3,4696;3,4696;1 122
T1-T2_T3/trial_47;1;1 024;0;ReLU;Huber;0;Adagrad;3,8239;3,8239;6 600
T1-T2_T3/trial_48;4;64;0,0002;tanh;MSE;1;Adagrad;31,7515;31,7515;3 400
T1-T2_T3/trial_49;2;512;0;ReLU;MAE;1;RMSprop;3,5232;3,5232;578
T1-T2_T3/trial_5;3;64;0,0001;ReLU;MAE;1;Adam;3,2632;3,2632;4 224
T1-T2_T3/trial_6;4;32;0,0006;sigmoid;MSE;0;RMSprop;4,2659;4,2659;3 696
T1-T2_T3/trial_7;5;1 024;0;tanh;MAE;1;Adagrad;29,9791;29,9791;26 400
T1-T2_T3/trial_8;1;256;0,0004;ReLU;MSE;0;RMSprop;4,1353;4,1353;2 244
T1-T2_T3/trial_9;2;128;0,0001;tanh;MSE;1;RMSprop;4,2548;4,2548;9 702
T1_T3/trial_0;1;256;0,0001;sigmoid;MSE;0;Adagrad;26,0474;26,0474;6 800
T1_T3/trial_1;1;1 024;0;tanh;MSE;0;Adagrad;20,9078;20,9078;6 800
T1_T3/trial_10;2;128;0,0014;ReLU;MAE;1;Adam;4,7272;4,7272;871
T1_T3/trial_11;2;128;0,0012;ReLU;MAE;1;Adam;4,8518;4,8518;871
T1_T3/trial_12;2;128;0,0017;ReLU;MAE;1;Adam;4,7908;4,7908;938
T1_T3/trial_13;2;32;0,001;ReLU;MAE;1;Adam;4,8938;4,8938;1 273
T1_T3/trial_14;2;512;0,0033;ReLU;Huber;1;Adam;4,9051;4,9051;670
T1_T3/trial_15;2;512;0,0095;ReLU;Huber;1;Adam;4,8836;4,8836;170
T1_T3/trial_16;2;512;0,0073;ReLU;Huber;1;Adam;4,8895;4,8895;255
T1_T3/trial_17;4;512;0,008;sigmoid;Huber;1;Adam;8,557;8,557;204
T1_T3/trial_18;2;512;0,0005;ReLU;Huber;0;Adam;4,9604;4,9604;272
T1_T3/trial_19;3;512;0,0035;ReLU;Huber;1;Adam;4,9683;4,9683;153
T1_T3/trial_2;1;128;0,0002;ReLU;MAE;1;Adagrad;5,0029;5,0029;13 400
T1_T3/trial_20;5;512;0,0039;sigmoid;Huber;1;Adam;8,5464;8,5464;561
T1_T3/trial_21;2;512;0,0006;ReLU;Huber;0;Adam;5,162;5,162;187
T1_T3/trial_22;2;512;0,0099;ReLU;Huber;0;Adam;4,9711;4,9711;255
T1_T3/trial_23;1;512;0;ReLU;Huber;0;Adam;4,9833;4,9833;2 788
T1_T3/trial_24;2;32;0,0006;ReLU;Huber;0;Adam;4,9462;4,9462;748
T1_T3/trial_25;3;32;0,0048;ReLU;Huber;0;Adam;5,17;5,17;255
T1_T3/trial_26;2;32;0,0022;ReLU;Huber;0;Adam;4,9529;4,9529;340
T1_T3/trial_27;1;32;0,0027;ReLU;Huber;1;Adam;4,7272;4,7272;1 206
T1_T3/trial_28;1;32;0,0004;ReLU;Huber;0;RMSprop;4,873;4,873;1 608
T1_T3/trial_29;1;32;0,0008;sigmoid;Huber;0;Adam;5,5195;5,5195;6 030
T1_T3/trial_3;3;1 024;0;ReLU;MSE;1;RMSprop;4,8843;4,8843;408
T1_T3/trial_30;1;32;0,0027;sigmoid;Huber;1;Adagrad;15,4521;15,4521;26 800
T1_T3/trial_31;2;32;0,0072;ReLU;Huber;1;Adam;4,9914;4,9914;306
T1_T3/trial_32;1;32;0,0052;ReLU;Huber;1;Adam;4,9388;4,9388;1 340
T1_T3/trial_33;1;64;0,0097;ReLU;Huber;1;Adam;4,9736;4,9736;170
T1_T3/trial_34;3;1 024;0,0003;ReLU;Huber;1;Adam;4,9487;4,9487;340
T1_T3/trial_35;3;1 024;0,0002;ReLU;Huber;1;Adagrad;4,8889;4,8889;2 948
T1_T3/trial_36;4;1 024;0,0003;tanh;MSE;1;Adam;8,5559;8,5559;1 445
T1_T3/trial_37;3;1 024;0,0007;ReLU;Huber;0;RMSprop;6,8602;6,8602;238
T1_T3/trial_38;4;1 024;0,0001;tanh;MSE;1;Adagrad;24,574;24,574;6 800
T1_T3/trial_39;1;64;0,0003;ReLU;Huber;1;Adam;4,7286;4,7286;2 278
T1_T3/trial_4;4;64;0;tanh;MAE;1;RMSprop;29,0278;29,0278;6 800
T1_T3/trial_40;1;64;0,0004;ReLU;Huber;0;RMSprop;5,4917;5,4917;1 474
T1_T3/trial_41;1;64;0,0003;ReLU;Huber;1;Adam;4,793;4,793;2 412
T1_T3/trial_42;1;64;0,0003;ReLU;Huber;1;Adam;4,8218;4,8218;2 948
T1_T3/trial_43;1;64;0,0001;ReLU;Huber;1;Adam;4,6921;4,6921;3 216
T1_T3/trial_44;1;64;0,0001;tanh;MSE;1;Adam;4,9468;4,9468;12 328
T1_T3/trial_45;1;64;0;ReLU;Huber;1;Adagrad;15,7161;15,7161;26 800
T1_T3/trial_46;1;64;0,0001;ReLU;MAE;1;Adam;4,7993;4,7993;3 350
T1_T3/trial_47;1;256;0,0001;ReLU;Huber;1;Adam;4,8724;4,8724;986
T1_T3/trial_48;3;256;0,0001;ReLU;Huber;1;Adam;4,8871;4,8871;1 020
T1_T3/trial_49;1;256;0,0001;sigmoid;MAE;1;RMSprop;5,2028;5,2028;2 550
T1_T3/trial_5;4;256;0,0001;tanh;MSE;0;Adagrad;19,8227;19,8227;26 800
T1_T3/trial_6;3;64;0,0001;tanh;MAE;1;Adagrad;30,6141;30,6141;13 400
T1_T3/trial_7;1;256;0,0061;ReLU;MSE;0;RMSprop;5,3651;5,3651;510
T1_T3/trial_8;3;1 024;0,0002;sigmoid;MSE;1;Adam;8,4171;8,4171;2 144
T1_T3/trial_9;5;256;0;tanh;Huber;1;RMSprop;28,4415;28,4415;6 800
T2_T3/trial_0;2;256;0,0002;sigmoid;MSE;0;Adagrad;18,6767;18,6767;26 400
T2_T3/trial_1;2;32;0;ReLU;MAE;0;Adam;3,4546;3,4546;3 630
T2_T3/trial_10;5;512;0,005;sigmoid;Huber;1;RMSprop;8,4267;8,4267;323
T2_T3/trial_11;1;32;0;ReLU;MAE;0;Adam;3,4313;3,4313;2 442
T2_T3/trial_12;1;32;0,0001;sigmoid;MAE;0;Adam;20,9229;20,9229;13 200
T2_T3/trial_13;1;128;0,0006;sigmoid;Huber;0;Adam;3,9549;3,9549;2 414
T2_T3/trial_14;2;32;0,0001;ReLU;MAE;1;Adam;3,4513;3,4513;2 442
T2_T3/trial_15;1;512;0,0004;sigmoid;Huber;0;RMSprop;4,1573;4,1573;680
T2_T3/trial_16;2;128;0,0001;ReLU;MAE;0;Adam;3,3982;3,3982;990
T2_T3/trial_17;4;32;0;sigmoid;Huber;0;Adam;18,6335;18,6335;13 200
T2_T3/trial_18;1;512;0,0004;ReLU;MAE;1;RMSprop;3,4944;3,4944;136
T2_T3/trial_19;2;32;0;sigmoid;MSE;0;Adagrad;32,3747;32,3747;13 200
T2_T3/trial_2;2;1 024;0,0012;tanh;MSE;0;Adam;4,0494;4,0494;924
T2_T3/trial_20;4;512;0,0009;ReLU;Huber;0;Adam;4,3193;4,3193;204
T2_T3/trial_21;2;32;0;ReLU;MAE;0;Adam;3,4662;3,4662;4 554
T2_T3/trial_22;2;32;0,0001;ReLU;MAE;0;Adam;3,3998;3,3998;2 706
T2_T3/trial_23;1;32;0;ReLU;MAE;0;Adam;3,4332;3,4332;5 940
T2_T3/trial_24;2;32;0;ReLU;MAE;0;Adam;3,4282;3,4282;4 026
T2_T3/trial_25;1;256;0,0002;ReLU;MAE;0;Adam;3,3709;3,3709;660
T2_T3/trial_26;2;128;0;sigmoid;MAE;1;Adam;25,2389;25,2389;3 400
T2_T3/trial_27;1;1 024;0,0001;ReLU;MAE;0;Adam;3,3434;3,3434;1 056
T2_T3/trial_28;3;512;0;ReLU;MSE;0;RMSprop;3,404;3,404;2 706
T2_T3/trial_29;2;256;0,0003;sigmoid;Huber;0;Adagrad;15,2742;15,2742;26 400
T2_T3/trial_3;4;1 024;0,0002;tanh;MAE;0;Adam;4,0838;4,0838;5 412
T2_T3/trial_30;1;32;0,0002;sigmoid;MSE;0;Adagrad;31,254;31,254;3 400
T2_T3/trial_31;2;128;0,0001;ReLU;MAE;0;Adam;3,3747;3,3747;1 122
T2_T3/trial_32;2;128;0,0001;ReLU;MAE;0;Adam;3,47;3,47;726
T2_T3/trial_33;2;128;0;ReLU;MAE;0;Adam;3,4187;3,4187;1 188
T2_T3/trial_34;3;1 024;0,0001;tanh;MAE;0;Adam;3,4932;3,4932;1 980
T2_T3/trial_35;3;128;0,0002;ReLU;MAE;0;Adam;3,2972;3,2972;2 244
T2_T3/trial_36;3;64;0,0002;ReLU;MSE;0;Adam;3,4267;3,4267;2 574
T2_T3/trial_37;2;1 024;0;tanh;MAE;0;Adam;3,7186;3,7186;4 158
T2_T3/trial_38;5;256;0,0004;ReLU;Huber;1;Adagrad;3,4663;3,4663;3 102
T2_T3/trial_39;5;256;0,001;tanh;Huber;1;Adagrad;28,3049;28,3049;6 600
T2_T3/trial_4;3;64;0,0002;tanh;Huber;0;Adam;4,0708;4,0708;7 788
T2_T3/trial_40;5;256;0,0022;ReLU;Huber;1;Adagrad;3,4705;3,4705;627
T2_T3/trial_41;5;256;0,0026;ReLU;Huber;1;Adagrad;3,4243;3,4243;957
T2_T3/trial_42;5;256;0,004;ReLU;Huber;1;Adagrad;3,4592;3,4592;627
T2_T3/trial_43;5;256;0,003;ReLU;Huber;1;Adagrad;3,494;3,494;429
T2_T3/trial_44;5;256;0,0027;ReLU;Huber;1;Adagrad;3,4194;3,4194;660
T2_T3/trial_45;5;256;0,0061;ReLU;Huber;1;Adagrad;3,5208;3,5208;396
T2_T3/trial_46;5;256;0,0027;ReLU;Huber;1;Adagrad;3,4567;3,4567;594
T2_T3/trial_47;4;256;0,0084;ReLU;Huber;1;Adagrad;3,8528;3,8528;330
T2_T3/trial_48;5;256;0,0014;ReLU;Huber;1;Adagrad;3,4407;3,4407;825
T2_T3/trial_49;5;256;0,0041;ReLU;Huber;1;Adagrad;3,4598;3,4598;528
T2_T3/trial_5;3;256;0;ReLU;MSE;0;Adagrad;30,6323;30,6323;3 400
T2_T3/trial_6;3;64;0,0001;tanh;MAE;1;Adagrad;31,7059;31,7059;6 600
T2_T3/trial_7;3;64;0;tanh;Huber;0;Adam;23,1658;23,1658;6 600
T2_T3/trial_8;1;512;0,002;ReLU;Huber;1;RMSprop;4,275;4,275;231
T2_T3/trial_9;2;512;0,0002;sigmoid;Huber;0;Adam;3,5811;3,5811;3 400
T1-T2_T4/trial_0;2;128;0,0001;tanh;MAE;1;Adagrad;25,2247;25,2247;21 800
T1-T2_T4/trial_1;5;32;0,0044;ReLU;MAE;0;RMSprop;4,8823;4,8823;350
T1-T2_T4/trial_10;4;512;0,0007;sigmoid;Huber;0;Adagrad;9,8723;9,8723;2 800
T1-T2_T4/trial_11;1;1 024;0,0006;ReLU;Huber;1;Adam;4,5762;4,5762;364
T1-T2_T4/trial_12;1;1 024;0,0007;ReLU;Huber;0;Adagrad;4,6569;4,6569;546
T1-T2_T4/trial_13;2;1 024;0,0005;ReLU;Huber;1;Adam;4,5503;4,5503;238
T1-T2_T4/trial_14;2;1 024;0,0003;ReLU;Huber;1;RMSprop;5,546;5,546;224
T1-T2_T4/trial_15;4;512;0;ReLU;Huber;0;Adam;4,538;4,538;1 232
T1-T2_T4/trial_16;4;512;0;ReLU;Huber;1;Adam;4,6077;4,6077;3 630
T1-T2_T4/trial_17;3;512;0,002;sigmoid;Huber;0;Adam;8,8801;8,8801;196
T1-T2_T4/trial_18;2;128;0;ReLU;MSE;1;Adam;4,4429;4,4429;10 682
T1-T2_T4/trial_19;4;64;0,0002;ReLU;Huber;0;Adam;4,5389;4,5389;784
T1-T2_T4/trial_2;3;256;0,0021;tanh;MSE;0;Adagrad;5,9486;5,9486;1 470
T1-T2_T4/trial_20;3;512;0,0014;sigmoid;Huber;1;Adam;8,8821;8,8821;420
T1-T2_T4/trial_21;4;64;0,0002;ReLU;Huber;0;Adam;4,6726;4,6726;840
T1-T2_T4/trial_22;4;64;0,0096;ReLU;Huber;0;Adam;4,6333;4,6333;364
T1-T2_T4/trial_23;3;64;0;ReLU;Huber;0;Adam;4,6385;4,6385;2 170
T1-T2_T4/trial_24;4;512;0,0002;ReLU;Huber;0;Adam;4,5624;4,5624;322
T1-T2_T4/trial_25;2;64;0,001;ReLU;MSE;0;RMSprop;4,8814;4,8814;518
T1-T2_T4/trial_26;4;256;0,0003;ReLU;Huber;0;Adam;4,6643;4,6643;1 199
T1-T2_T4/trial_27;3;64;0;ReLU;Huber;0;Adam;4,6621;4,6621;3 444
T1-T2_T4/trial_28;5;128;0;sigmoid;Huber;1;Adam;27,8152;27,8152;11 000
T1-T2_T4/trial_29;2;128;0,0001;ReLU;MSE;1;RMSprop;4,4965;4,4965;1 635
T1-T2_T4/trial_3;5;64;0,0002;ReLU;MAE;1;Adam;4,4865;4,4865;4 687
T1-T2_T4/trial_30;4;512;0,0003;tanh;Huber;0;Adam;8,902;8,902;252
T1-T2_T4/trial_31;5;1 024;0,0005;ReLU;Huber;0;Adagrad;4,5749;4,5749;434
T1-T2_T4/trial_32;5;1 024;0,0004;ReLU;Huber;0;Adagrad;4,5199;4,5199;462
T1-T2_T4/trial_33;5;1 024;0,0011;ReLU;Huber;0;Adagrad;5,0178;5,0178;294
T1-T2_T4/trial_34;5;1 024;0,0045;ReLU;Huber;0;Adagrad;5,9609;5,9609;294
T1-T2_T4/trial_35;3;256;0,0019;ReLU;MAE;0;Adagrad;4,7889;4,7889;350
T1-T2_T4/trial_36;4;32;0,0001;tanh;Huber;0;Adam;21,1836;21,1836;2 800
T1-T2_T4/trial_37;5;64;0;ReLU;MAE;1;RMSprop;6,155;6,155;2 800
T1-T2_T4/trial_38;3;1 024;0,0001;ReLU;MSE;0;Adam;4,5535;4,5535;336
T1-T2_T4/trial_39;4;32;0,0002;tanh;Huber;1;Adagrad;30,0499;30,0499;21 800
T1-T2_T4/trial_4;2;1 024;0,0001;tanh;Huber;1;Adam;5,1061;5,1061;1 204
T1-T2_T4/trial_40;5;512;0,0001;ReLU;MAE;0;Adam;4,5264;4,5264;770
T1-T2_T4/trial_41;3;64;0;ReLU;Huber;0;Adam;4,7385;4,7385;2 800
T1-T2_T4/trial_42;3;64;0;ReLU;Huber;0;Adam;4,5891;4,5891;2 492
T1-T2_T4/trial_43;1;64;0,0001;ReLU;Huber;0;Adam;4,6639;4,6639;2 422
T1-T2_T4/trial_44;2;64;0;ReLU;Huber;0;Adam;4,6367;4,6367;2 562
T1-T2_T4/trial_45;3;1 024;0,0001;sigmoid;Huber;0;Adam;8,8677;8,8677;574
T1-T2_T4/trial_46;4;1 024;0;ReLU;Huber;1;Adagrad;24,2261;24,2261;2 800
T1-T2_T4/trial_47;1;256;0,0008;ReLU;Huber;0;Adam;4,7629;4,7629;476
T1-T2_T4/trial_48;2;32;0;tanh;Huber;1;RMSprop;26,968;26,968;5 600
T1-T2_T4/trial_49;4;512;0,0004;ReLU;MSE;0;Adam;4,584;4,584;660
T1-T2_T4/trial_5;5;1 024;0,0005;ReLU;Huber;0;Adagrad;4,4972;4,4972;392
T1-T2_T4/trial_6;3;32;0;tanh;MAE;1;Adam;28,6965;28,6965;5 600
T1-T2_T4/trial_7;5;32;0,0001;sigmoid;MAE;0;Adam;15,159;15,159;5 600
T1-T2_T4/trial_8;1;1 024;0;tanh;MSE;0;RMSprop;4,7304;4,7304;2 145
T1-T2_T4/trial_9;4;256;0,0049;ReLU;MAE;1;Adagrad;4,666;4,666;1 045
T1_T4/trial_0;1;32;0,0004;ReLU;Huber;1;Adam;6,3392;6,3392;378
T1_T4/trial_1;5;128;0,0047;tanh;MSE;0;Adam;9,6235;9,6235;140
T1_T4/trial_10;3;32;0,0002;ReLU;MAE;0;Adam;6,3346;6,3346;476
T1_T4/trial_11;1;32;0;ReLU;MAE;0;RMSprop;6,7597;6,7597;5 600
T1_T4/trial_12;2;512;0,0006;ReLU;Huber;0;RMSprop;6,31;6,31;616
T1_T4/trial_13;1;64;0,0001;sigmoid;Huber;0;RMSprop;12,9692;12,9692;2 800
T1_T4/trial_14;3;32;0;ReLU;Huber;1;Adagrad;31,2942;31,2942;22 200
T1_T4/trial_15;1;512;0,0001;sigmoid;MAE;0;Adam;6,5935;6,5935;2 716
T1_T4/trial_16;2;64;0,0006;ReLU;Huber;1;RMSprop;6,2809;6,2809;196
T1_T4/trial_17;2;64;0,0005;ReLU;Huber;1;Adam;6,2575;6,2575;840
T1_T4/trial_18;3;64;0,0051;ReLU;MSE;1;Adam;6,5206;6,5206;560
T1_T4/trial_19;2;1 024;0,0006;ReLU;MAE;1;Adam;6,1545;6,1545;280
T1_T4/trial_2;4;128;0;tanh;MSE;1;Adam;26,8902;26,8902;2 800
T1_T4/trial_20;4;32;0,0004;ReLU;Huber;1;Adam;6,1853;6,1853;1 512
T1_T4/trial_21;4;32;0,0004;ReLU;Huber;1;Adam;6,2291;6,2291;1 512
T1_T4/trial_22;4;32;0,0011;ReLU;Huber;1;Adam;6,1887;6,1887;1 120
T1_T4/trial_23;3;64;0,0029;ReLU;Huber;1;Adam;6,1792;6,1792;784
T1_T4/trial_24;4;64;0,0036;ReLU;Huber;1;Adam;6,1175;6,1175;448
T1_T4/trial_25;3;64;0,003;ReLU;Huber;1;Adam;6,915;6,915;448
T1_T4/trial_26;3;64;0,0022;tanh;Huber;1;Adam;9,636;9,636;2 072
T1_T4/trial_27;4;64;0,0089;ReLU;Huber;1;Adagrad;6,2147;6,2147;504
T1_T4/trial_28;4;64;0,0009;ReLU;MAE;1;Adam;6,3211;6,3211;616
T1_T4/trial_29;2;1 024;0,0001;ReLU;MSE;1;Adam;6,0732;6,0732;1 456
T1_T4/trial_3;1;256;0,0001;tanh;MSE;1;RMSprop;6,2522;6,2522;6 660
T1_T4/trial_30;3;32;0,0003;ReLU;Huber;1;Adam;6,2064;6,2064;1 736
T1_T4/trial_31;3;32;0,0003;ReLU;Huber;1;Adam;6,2866;6,2866;1 064
T1_T4/trial_32;3;32;0,0002;ReLU;Huber;1;Adam;6,2927;6,2927;1 512
T1_T4/trial_33;3;32;0,0001;tanh;Huber;1;Adam;16,794;16,794;11 200
T1_T4/trial_34;3;128;0,0001;ReLU;MSE;1;Adam;6,2458;6,2458;1 512
T1_T4/trial_35;2;64;0,0002;tanh;Huber;1;Adam;7,2327;7,2327;5 600
T1_T4/trial_36;3;32;0,0098;ReLU;Huber;1;Adam;6,1234;6,1234;560
T1_T4/trial_37;3;128;0,0009;ReLU;MSE;1;Adagrad;6,3088;6,3088;1 736
T1_T4/trial_38;2;256;0,0003;tanh;Huber;1;Adam;6,6806;6,6806;2 212
T1_T4/trial_39;2;1 024;0,0001;ReLU;Huber;1;Adam;6,1943;6,1943;364
T1_T4/trial_4;1;512;0;sigmoid;Huber;0;RMSprop;6,5264;6,5264;6 771
T1_T4/trial_40;4;64;0;ReLU;Huber;1;Adagrad;29,2995;29,2995;22 200
T1_T4/trial_41;4;32;0,0004;ReLU;Huber;1;Adam;6,1878;6,1878;1 568
T1_T4/trial_42;5;32;0,0002;ReLU;Huber;1;Adam;6,5112;6,5112;1 736
T1_T4/trial_43;3;32;0,0004;ReLU;Huber;1;Adam;6,1778;6,1778;952
T1_T4/trial_44;4;32;0,0006;ReLU;Huber;1;Adam;6,2677;6,2677;896
T1_T4/trial_45;3;256;0,002;ReLU;Huber;0;Adam;6,4892;6,4892;392
T1_T4/trial_46;3;32;0,0001;sigmoid;Huber;1;Adam;21,2584;21,2584;11 200
T1_T4/trial_47;2;512;0,0012;ReLU;MAE;1;RMSprop;6,327;6,327;1 887
T1_T4/trial_48;5;128;0,0061;tanh;Huber;0;Adam;9,7306;9,7306;196
T1_T4/trial_49;3;32;0,0003;sigmoid;MSE;1;Adagrad;30,9293;30,9293;2 800
T1_T4/trial_5;5;1 024;0,0002;sigmoid;Huber;0;Adagrad;9,5572;9,5572;22 200
T1_T4/trial_6;2;128;0,0015;sigmoid;Huber;1;Adagrad;14,2619;14,2619;22 200
T1_T4/trial_7;5;256;0;sigmoid;Huber;1;Adam;19,8494;19,8494;22 200
T1_T4/trial_8;5;256;0,0015;ReLU;Huber;1;RMSprop;7,9589;7,9589;280
T1_T4/trial_9;2;512;0,0016;sigmoid;Huber;1;Adam;9,6229;9,6229;504
T1-T2-T3_T4/trial_0;3;1 024;0,006;sigmoid;MAE;1;Adagrad;3,9983;3,9983;1 863
T1-T2-T3_T4/trial_1;1;32;0,0003;tanh;Huber;1;RMSprop;4,1451;4,1451;4 708
T1-T2-T3_T4/trial_10;5;128;0;ReLU;MAE;0;Adam;3,0732;3,0732;5 778
T1-T2-T3_T4/trial_11;5;256;0,0001;ReLU;MAE;0;RMSprop;3,2173;3,2173;1 819
T1-T2-T3_T4/trial_12;4;512;0,0006;ReLU;MAE;0;RMSprop;3,2237;3,2237;3 103
T1-T2-T3_T4/trial_13;5;256;0;ReLU;MAE;0;RMSprop;3,2004;3,2004;3 564
T1-T2-T3_T4/trial_14;4;128;0,0001;ReLU;MAE;1;Adam;3,0606;3,0606;5 136
T1-T2-T3_T4/trial_15;4;128;0;ReLU;MAE;0;Adam;3,0252;3,0252;3 210
T1-T2-T3_T4/trial_16;4;128;0;ReLU;MAE;0;Adam;3,0396;3,0396;3 745
T1-T2-T3_T4/trial_17;2;128;0,0002;ReLU;MAE;1;Adam;3,0607;3,0607;1 819
T1-T2-T3_T4/trial_18;4;64;0,0015;tanh;MAE;0;Adam;9,1634;9,1634;1 177
T1-T2-T3_T4/trial_19;2;512;0;sigmoid;Huber;1;Adam;3,6709;3,6709;10 272
T1-T2-T3_T4/trial_2;3;64;0,0001;ReLU;MSE;1;Adam;3,1816;3,1816;2 800
T1-T2-T3_T4/trial_20;2;512;0,0093;sigmoid;Huber;0;Adam;9,4667;9,4667;243
T1-T2-T3_T4/trial_21;1;512;0,0001;sigmoid;Huber;1;Adam;3,5089;3,5089;7 383
T1-T2-T3_T4/trial_22;1;512;0;sigmoid;Huber;1;Adam;3,5293;3,5293;8 025
T1-T2-T3_T4/trial_23;1;512;0;sigmoid;Huber;1;Adam;3,4922;3,4922;15 408
T1-T2-T3_T4/trial_24;1;512;0;sigmoid;Huber;1;Adam;3,517;3,517;18 511
T1-T2-T3_T4/trial_25;1;512;0;sigmoid;Huber;1;Adagrad;24,8324;24,8324;21 400
T1-T2-T3_T4/trial_26;1;512;0;sigmoid;Huber;1;Adam;3,5825;3,5825;17 227
T1-T2-T3_T4/trial_27;1;512;0;sigmoid;Huber;1;Adam;3,5813;3,5813;21 400
T1-T2-T3_T4/trial_28;1;512;0;sigmoid;Huber;1;Adam;11,5223;11,5223;2 800
T1-T2-T3_T4/trial_29;2;512;0;sigmoid;Huber;1;Adagrad;27,6776;27,6776;5 400
T1-T2-T3_T4/trial_3;3;128;0;ReLU;MSE;0;Adam;3,1196;3,1196;2 322
T1-T2-T3_T4/trial_30;1;512;0,0002;sigmoid;Huber;1;Adam;3,5622;3,5622;2 160
T1-T2-T3_T4/trial_31;1;512;0,0002;sigmoid;Huber;1;Adam;3,6612;3,6612;2 160
T1-T2-T3_T4/trial_32;1;512;0;sigmoid;Huber;1;Adam;4,2962;4,2962;5 400
T1-T2-T3_T4/trial_33;2;32;0,0003;sigmoid;Huber;1;Adam;10,1971;10,1971;5 400
T1-T2-T3_T4/trial_34;1;64;0;sigmoid;Huber;1;Adam;26,8788;26,8788;5 400
T1-T2-T3_T4/trial_35;1;512;0,0037;sigmoid;Huber;1;Adam;9,2343;9,2343;642
T1-T2-T3_T4/trial_36;2;1 024;0,0001;sigmoid;Huber;1;Adagrad;24,149;24,149;2 800
T1-T2-T3_T4/trial_37;1;32;0,0005;tanh;MSE;1;Adam;4,3874;4,3874;4 320
T1-T2-T3_T4/trial_38;2;512;0,0001;sigmoid;Huber;1;Adam;3,6308;3,6308;4 280
T1-T2-T3_T4/trial_39;1;512;0,0013;sigmoid;Huber;1;RMSprop;4,0101;4,0101;1 712
T1-T2-T3_T4/trial_4;3;1 024;0,0005;sigmoid;Huber;1;RMSprop;4,3184;4,3184;1 036
T1-T2-T3_T4/trial_40;1;64;0;tanh;MSE;1;Adam;22,664;22,664;2 800
T1-T2-T3_T4/trial_41;1;512;0;sigmoid;Huber;1;Adam;3,5613;3,5613;21 400
T1-T2-T3_T4/trial_42;1;512;0;sigmoid;Huber;1;Adam;3,5545;3,5545;18 832
T1-T2-T3_T4/trial_43;1;512;0;sigmoid;Huber;1;Adam;3,4939;3,4939;16 264
T1-T2-T3_T4/trial_44;2;1 024;0;sigmoid;Huber;1;Adam;3,5763;3,5763;9 774
T1-T2-T3_T4/trial_45;1;512;0,0001;sigmoid;Huber;1;Adagrad;20,0306;20,0306;21 400
T1-T2-T3_T4/trial_46;2;512;0;sigmoid;MSE;1;Adam;3,6279;3,6279;21 400
T1-T2-T3_T4/trial_47;1;256;0,0001;sigmoid;Huber;1;RMSprop;3,6797;3,6797;5 400
T1-T2-T3_T4/trial_48;3;32;0,0008;tanh;Huber;1;Adam;4,5145;4,5145;8 100
T1-T2-T3_T4/trial_49;1;512;0;sigmoid;Huber;1;Adam;3,5224;3,5224;9 523
T1-T2-T3_T4/trial_5;4;32;0,0012;tanh;Huber;1;Adagrad;28,8503;28,8503;10 800
T1-T2-T3_T4/trial_6;2;256;0,0002;tanh;MSE;1;Adam;3,9157;3,9157;4 644
T1-T2-T3_T4/trial_7;5;256;0,0001;ReLU;MAE;1;RMSprop;3,0262;3,0262;2 568
T1-T2-T3_T4/trial_8;4;128;0,0001;ReLU;MAE;0;Adam;3,143;3,143;2 160
T1-T2-T3_T4/trial_9;3;1 024;0;sigmoid;MSE;0;Adagrad;24,7822;24,7822;2 800
T2-T3_T4/trial_0;2;64;0,0004;sigmoid;Huber;1;Adam;4,3908;4,3908;4 455
T2-T3_T4/trial_1;5;64;0,0002;sigmoid;Huber;0;Adam;9,2477;9,2477;4 914
T2-T3_T4/trial_10;1;32;0;tanh;MAE;0;RMSprop;25,0241;25,0241;10 800
T2-T3_T4/trial_11;2;64;0;sigmoid;Huber;1;RMSprop;28,7278;28,7278;2 800
T2-T3_T4/trial_12;3;32;0,0006;ReLU;Huber;1;Adagrad;3,1841;3,1841;10 800
T2-T3_T4/trial_13;3;32;0,0007;ReLU;MAE;1;Adagrad;3,1766;3,1766;7 344
T2-T3_T4/trial_14;4;32;0,0099;ReLU;Huber;1;Adagrad;3,1282;3,1282;1 566
T2-T3_T4/trial_15;4;32;0,0009;ReLU;Huber;1;Adagrad;3,1859;3,1859;10 800
T2-T3_T4/trial_16;4;32;0,0012;ReLU;Huber;1;Adagrad;31,4111;31,4111;10 800
T2-T3_T4/trial_17;4;512;0,0001;tanh;Huber;1;Adagrad;26,5606;26,5606;10 800
T2-T3_T4/trial_18;4;32;0,0043;ReLU;Huber;1;RMSprop;3,8261;3,8261;154
T2-T3_T4/trial_19;5;32;0,0013;ReLU;Huber;1;Adagrad;3,1393;3,1393;21 400
T2-T3_T4/trial_2;2;256;0,0019;sigmoid;MAE;0;Adam;4,359;4,359;756
T2-T3_T4/trial_20;5;32;0,0093;tanh;Huber;1;Adagrad;22,9521;22,9521;21 400
T2-T3_T4/trial_21;5;32;0,0012;ReLU;Huber;1;Adagrad;31,6057;31,6057;21 400
T2-T3_T4/trial_22;4;32;0,0013;ReLU;Huber;1;Adagrad;3,1914;3,1914;14 980
T2-T3_T4/trial_23;5;32;0,0009;ReLU;Huber;1;Adagrad;31,3171;31,3171;21 400
T2-T3_T4/trial_24;4;32;0,0004;ReLU;Huber;1;Adagrad;4,6753;4,6753;10 800
T2-T3_T4/trial_25;5;256;0,0051;ReLU;Huber;1;RMSprop;3,7089;3,7089;486
T2-T3_T4/trial_26;4;512;0,0001;ReLU;Huber;1;Adagrad;3,1039;3,1039;17 548
T2-T3_T4/trial_27;3;512;0,0001;ReLU;Huber;1;Adagrad;3,0743;3,0743;19 688
T2-T3_T4/trial_28;3;512;0,0001;ReLU;MSE;1;Adagrad;3,0881;3,0881;21 400
T2-T3_T4/trial_29;1;512;0;tanh;Huber;1;RMSprop;3,4344;3,4344;5 992
T2-T3_T4/trial_3;3;32;0,0067;ReLU;MAE;0;Adagrad;3,2406;3,2406;1 134
T2-T3_T4/trial_30;3;512;0,0001;sigmoid;Huber;1;Adagrad;27,1353;27,1353;21 400
T2-T3_T4/trial_31;4;512;0;ReLU;Huber;1;Adagrad;3,9681;3,9681;21 400
T2-T3_T4/trial_32;3;512;0,0003;ReLU;Huber;1;Adagrad;3,0025;3,0025;11 877
T2-T3_T4/trial_33;3;512;0,0003;ReLU;Huber;1;Adagrad;3,106;3,106;2 106
T2-T3_T4/trial_34;2;512;0,0003;ReLU;Huber;1;Adagrad;3,1067;3,1067;3 159
T2-T3_T4/trial_35;2;512;0,0002;sigmoid;Huber;1;Adam;3,987;3,987;2 808
T2-T3_T4/trial_36;2;512;0,0003;ReLU;MAE;0;Adagrad;3,1174;3,1174;2 997
T2-T3_T4/trial_37;3;512;0,0001;ReLU;Huber;1;Adam;3,221;3,221;702
T2-T3_T4/trial_38;2;1 024;0,0001;ReLU;MSE;0;Adam;3,1865;3,1865;675
T2-T3_T4/trial_39;3;64;0,0004;ReLU;Huber;1;Adam;3,2184;3,2184;1 485
T2-T3_T4/trial_4;5;1 024;0,0002;ReLU;MSE;1;Adam;3,2542;3,2542;1 134
T2-T3_T4/trial_40;1;64;0,0005;sigmoid;MSE;1;Adam;4,164;4,164;4 698
T2-T3_T4/trial_41;3;64;0,0002;ReLU;Huber;1;Adam;3,1727;3,1727;1 458
T2-T3_T4/trial_42;3;64;0,0003;ReLU;Huber;1;Adam;3,1961;3,1961;1 323
T2-T3_T4/trial_43;3;64;0,0003;ReLU;Huber;1;Adam;3,1521;3,1521;756
T2-T3_T4/trial_44;2;64;0,0006;ReLU;MAE;0;Adam;3,2934;3,2934;1 134
T2-T3_T4/trial_45;3;128;0,0002;ReLU;Huber;1;Adam;3,1629;3,1629;1 242
T2-T3_T4/trial_46;2;128;0,0002;tanh;Huber;1;Adam;4,5281;4,5281;3 726
T2-T3_T4/trial_47;3;128;0,0004;ReLU;Huber;0;Adam;3,1962;3,1962;783
T2-T3_T4/trial_48;3;128;0;ReLU;MAE;1;Adam;3,1307;3,1307;2 889
T2-T3_T4/trial_49;2;1 024;0,0001;sigmoid;MSE;1;Adam;4,0602;4,0602;2 800
T2-T3_T4/trial_5;2;1 024;0,0025;ReLU;MSE;0;Adam;3,19;3,19;1 391
T2-T3_T4/trial_6;4;512;0,0034;ReLU;MSE;1;Adam;3,203;3,203;1 080
T2-T3_T4/trial_7;4;128;0,0002;ReLU;MSE;1;Adagrad;3,2289;3,2289;21 400
T2-T3_T4/trial_8;3;256;0,0024;tanh;Huber;0;Adagrad;4,5962;4,5962;1 232
T2-T3_T4/trial_9;5;128;0,0081;sigmoid;MAE;0;Adagrad;9,2721;9,2721;1 728
T1_T5/trial_0;2;32;0;sigmoid;MSE;0;Adagrad;28,7606;28,7606;2 200
T1_T5/trial_1;1;256;0,0001;tanh;MAE;1;Adagrad;21,9289;21,9289;4 200
T1_T5/trial_10;1;512;0;sigmoid;Huber;1;RMSprop;7,9374;7,9374;11 152
T1_T5/trial_11;1;512;0;sigmoid;Huber;1;RMSprop;7,9172;7,9172;10 660
T1_T5/trial_12;2;512;0;sigmoid;Huber;1;RMSprop;8,1165;8,1165;16 400
T1_T5/trial_13;1;64;0,0003;sigmoid;Huber;1;RMSprop;8,5016;8,5016;4 264
T1_T5/trial_14;2;512;0,001;sigmoid;Huber;0;RMSprop;8,4515;8,4515;209
T1_T5/trial_15;1;128;0,0001;sigmoid;Huber;1;RMSprop;7,724;7,724;9 102
T1_T5/trial_16;2;128;0,0001;sigmoid;Huber;0;RMSprop;9,633;9,633;2 200
T1_T5/trial_17;1;128;0,0004;ReLU;Huber;1;Adam;7,2675;7,2675;1 025
T1_T5/trial_18;2;128;0,0004;ReLU;Huber;1;Adam;7,5066;7,5066;451
T1_T5/trial_19;2;128;0,003;ReLU;Huber;1;Adam;7,436;7,436;410
T1_T5/trial_2;1;512;0,0001;sigmoid;Huber;0;RMSprop;7,6883;7,6883;1 331
T1_T5/trial_20;3;128;0,0025;ReLU;Huber;1;Adam;7,1349;7,1349;533
T1_T5/trial_21;3;128;0,0031;ReLU;Huber;1;Adam;7,2847;7,2847;697
T1_T5/trial_22;4;128;0,0027;ReLU;Huber;1;Adam;7,369;7,369;820
T1_T5/trial_23;3;128;0,0026;ReLU;Huber;1;Adam;7,6068;7,6068;328
T1_T5/trial_24;4;128;0,0017;ReLU;Huber;1;Adam;7,0871;7,0871;1 230
T1_T5/trial_25;4;64;0,0005;ReLU;Huber;1;Adam;7,5315;7,5315;656
T1_T5/trial_26;4;128;0,0016;ReLU;Huber;1;Adam;7,7131;7,7131;574
T1_T5/trial_27;4;128;0,0016;ReLU;Huber;1;Adam;7,7064;7,7064;984
T1_T5/trial_28;5;128;0,0049;ReLU;MSE;1;Adam;7,189;7,189;533
T1_T5/trial_29;3;128;0,0006;ReLU;MAE;1;Adam;7,2373;7,2373;779
T1_T5/trial_3;3;256;0,0009;ReLU;MSE;0;RMSprop;7,4668;7,4668;143
T1_T5/trial_30;4;1 024;0,0015;ReLU;MSE;1;Adam;7,1471;7,1471;287
T1_T5/trial_31;3;128;0,005;ReLU;Huber;1;Adam;8,097;8,097;410
T1_T5/trial_32;3;128;0,004;ReLU;Huber;1;Adam;7,3429;7,3429;287
T1_T5/trial_33;3;128;0,002;ReLU;Huber;1;Adam;7,4574;7,4574;525
T1_T5/trial_34;2;64;0,0002;ReLU;Huber;1;Adam;7,317;7,317;656
T1_T5/trial_35;3;32;0,0097;ReLU;Huber;1;Adam;8,4324;8,4324;246
T1_T5/trial_36;4;128;0,0006;ReLU;MAE;1;Adagrad;7,4043;7,4043;2 911
T1_T5/trial_37;3;256;0,0012;ReLU;Huber;1;Adam;7,167;7,167;328
T1_T5/trial_38;5;128;0,0002;tanh;MSE;1;Adam;21,4408;21,4408;4 200
T1_T5/trial_39;4;1 024;0,0066;ReLU;MAE;0;Adam;7,2638;7,2638;738
T1_T5/trial_4;3;256;0,0002;tanh;MAE;0;RMSprop;8,018;8,018;1 476
T1_T5/trial_40;3;256;0,0034;tanh;Huber;1;Adagrad;11,4738;11,4738;2 200
T1_T5/trial_41;2;64;0,0002;ReLU;Huber;1;Adam;7,3476;7,3476;615
T1_T5/trial_42;1;64;0,0001;ReLU;Huber;1;Adam;7,3824;7,3824;1 476
T1_T5/trial_43;1;64;0;ReLU;Huber;1;Adam;7,3964;7,3964;2 214
T1_T5/trial_44;1;64;0;ReLU;Huber;1;Adam;7,4012;7,4012;2 747
T1_T5/trial_45;1;64;0;ReLU;Huber;1;Adam;7,4212;7,4212;2 436
T1_T5/trial_46;1;64;0;tanh;MSE;0;Adagrad;27,4791;27,4791;4 200
T1_T5/trial_47;1;64;0;ReLU;Huber;1;Adam;7,4532;7,4532;3 864
T1_T5/trial_48;1;32;0;ReLU;MAE;1;Adam;7,4802;7,4802;3 612
T1_T5/trial_49;1;64;0;ReLU;Huber;0;Adam;7,4833;7,4833;4 179
T1_T5/trial_5;4;1 024;0,0001;ReLU;MSE;1;Adam;7,2045;7,2045;1 312
T1_T5/trial_6;4;256;0,0065;tanh;MAE;0;Adagrad;10,0956;10,0956;273
T1_T5/trial_7;5;32;0,0088;tanh;MSE;0;Adam;10,0019;10,0019;273
T1_T5/trial_8;5;32;0,0009;tanh;MAE;1;Adagrad;28,484;28,484;2 200
T1_T5/trial_9;5;1 024;0;sigmoid;Huber;0;Adagrad;18,6774;18,6774;16 400
T3_T4/trial_0;1;1 024;0,0006;ReLU;MSE;1;Adam;3,1215;3,1215;224
T3_T4/trial_1;5;64;0,0049;sigmoid;MAE;0;RMSprop;9,2697;9,2697;140
T3_T4/trial_10;2;256;0,0006;ReLU;Huber;0;Adagrad;3,0615;3,0615;1 853
T3_T4/trial_11;2;256;0;ReLU;Huber;0;Adagrad;5,9209;5,9209;21 800
T3_T4/trial_12;2;256;0,0008;ReLU;Huber;0;Adagrad;3,1075;3,1075;1 199
T3_T4/trial_13;2;256;0,0006;ReLU;Huber;0;Adagrad;3,0462;3,0462;1 744
T3_T4/trial_14;3;128;0,0001;ReLU;Huber;0;Adagrad;3,4639;3,4639;21 800
T3_T4/trial_15;2;256;0,0004;ReLU;MAE;0;Adagrad;3,0479;3,0479;8 066
T3_T4/trial_16;3;32;0,0013;tanh;Huber;0;Adagrad;17,1805;17,1805;21 800
T3_T4/trial_17;2;128;0,0002;ReLU;Huber;0;Adagrad;3,0783;3,0783;12 208
T3_T4/trial_18;4;128;0,0002;ReLU;MAE;0;Adagrad;3,1138;3,1138;7 303
T3_T4/trial_19;1;128;0,0001;tanh;MSE;0;Adagrad;24,5725;24,5725;11 000
T3_T4/trial_2;2;1 024;0,0002;tanh;MSE;1;RMSprop;4,605;4,605;840
T3_T4/trial_20;2;512;0,0002;ReLU;Huber;0;Adagrad;3,0455;3,0455;8 175
T3_T4/trial_21;2;512;0,0002;ReLU;Huber;0;Adagrad;3,0618;3,0618;4 905
T3_T4/trial_22;3;512;0,0003;ReLU;Huber;0;Adagrad;3,0814;3,0814;4 687
T3_T4/trial_23;2;512;0,0001;ReLU;Huber;0;Adagrad;3,0703;3,0703;10 246
T3_T4/trial_24;1;512;0;ReLU;Huber;0;Adagrad;3,4261;3,4261;21 800
T3_T4/trial_25;2;512;0,0001;ReLU;Huber;0;Adagrad;3,0737;3,0737;9 156
T3_T4/trial_26;3;128;0,0003;ReLU;Huber;0;Adagrad;3,0887;3,0887;7 739
T3_T4/trial_27;2;512;0;ReLU;Huber;0;Adagrad;12,6416;12,6416;11 000
T3_T4/trial_28;1;512;0;sigmoid;MAE;0;Adagrad;29,2921;29,2921;2 800
T3_T4/trial_29;1;128;0,0004;ReLU;MSE;0;RMSprop;3,1505;3,1505;238
T3_T4/trial_3;5;64;0,0091;ReLU;Huber;1;RMSprop;7,0073;7,0073;252
T3_T4/trial_30;3;512;0,0001;tanh;MSE;0;Adam;3,3508;3,3508;4 033
T3_T4/trial_31;2;64;0,001;ReLU;Huber;0;Adagrad;3,0686;3,0686;6 540
T3_T4/trial_32;2;64;0,0012;ReLU;Huber;0;Adagrad;3,1231;3,1231;2 289
T3_T4/trial_33;2;64;0,0002;ReLU;Huber;0;Adagrad;3,2022;3,2022;21 800
T3_T4/trial_34;3;64;0,0003;ReLU;Huber;0;Adagrad;3,118;3,118;17 767
T3_T4/trial_35;2;64;0,0005;ReLU;Huber;1;RMSprop;3,2448;3,2448;196
T3_T4/trial_36;1;32;0,0019;sigmoid;Huber;0;Adagrad;26,5931;26,5931;2 800
T3_T4/trial_37;2;1 024;0,0009;ReLU;MSE;1;RMSprop;3,4145;3,4145;763
T3_T4/trial_38;3;64;0,0001;sigmoid;MAE;0;Adagrad;29,9177;29,9177;5 600
T3_T4/trial_39;1;128;0,0002;tanh;Huber;1;Adam;3,4015;3,4015;3 630
T3_T4/trial_4;4;1 024;0,0066;sigmoid;Huber;1;Adagrad;9,2156;9,2156;2 212
T3_T4/trial_40;4;512;0,0004;ReLU;Huber;0;RMSprop;4,8261;4,8261;112
T3_T4/trial_41;2;256;0,0006;ReLU;Huber;0;Adagrad;3,0431;3,0431;4 033
T3_T4/trial_42;2;1 024;0,0022;ReLU;Huber;0;Adagrad;3,2771;3,2771;872
T3_T4/trial_43;2;64;0,001;ReLU;Huber;0;Adagrad;3,0795;3,0795;6 213
T3_T4/trial_44;2;256;0,0006;ReLU;Huber;0;Adagrad;3,0536;3,0536;4 033
T3_T4/trial_45;2;256;0,0006;ReLU;Huber;1;Adagrad;3,0564;3,0564;4 251
T3_T4/trial_46;2;256;0,0008;sigmoid;Huber;0;Adam;3,9616;3,9616;1 260
T3_T4/trial_47;1;256;0,0016;ReLU;Huber;0;Adagrad;3,0412;3,0412;1 853
T3_T4/trial_48;5;256;0,0006;ReLU;Huber;0;Adagrad;3,0439;3,0439;1 635
T3_T4/trial_49;3;256;0,0036;ReLU;MAE;1;Adagrad;3,0629;3,0629;1 417
T3_T4/trial_5;4;256;0,0053;sigmoid;MSE;1;Adam;9,1628;9,1628;1 210
T3_T4/trial_6;1;256;0,0015;ReLU;Huber;1;RMSprop;3,4747;3,4747;364
T3_T4/trial_7;5;512;0,0001;sigmoid;Huber;0;Adam;9,1542;9,1542;1 853
T3_T4/trial_8;1;1 024;0,003;tanh;Huber;1;Adam;5,1215;5,1215;420
T3_T4/trial_9;3;32;0,0029;ReLU;MAE;0;Adam;3,6476;3,6476;330
T1-T4_T5/trial_0;1;128;0,0089;tanh;MSE;0;RMSprop;9,7902;9,7902;474
T1-T4_T5/trial_1;5;1 024;0;sigmoid;Huber;0;Adagrad;22,0433;22,0433;4 000
T1-T4_T5/trial_10;3;512;0,0001;ReLU;MAE;1;Adam;3,551;3,551;1 027
T1-T4_T5/trial_11;3;512;0,0001;ReLU;MAE;1;Adam;3,2552;3,2552;1 580
T1-T4_T5/trial_12;3;512;0,0001;ReLU;MAE;1;Adam;3,3767;3,3767;1 501
T1-T4_T5/trial_13;2;64;0,001;ReLU;MAE;1;Adam;3,4124;3,4124;640
T1-T4_T5/trial_14;2;64;0,0012;ReLU;Huber;1;Adam;3,3147;3,3147;520
T1-T4_T5/trial_15;2;64;0,0016;ReLU;Huber;1;Adam;3,3272;3,3272;480
T1-T4_T5/trial_16;2;64;0,0022;ReLU;Huber;1;Adam;3,3514;3,3514;480
T1-T4_T5/trial_17;2;256;0,006;ReLU;Huber;1;Adam;3,4493;3,4493;280
T1-T4_T5/trial_18;2;64;0,0009;ReLU;Huber;0;Adam;3,4398;3,4398;390
T1-T4_T5/trial_19;4;512;0,0007;tanh;Huber;0;Adam;9,5053;9,5053;130
T1-T4_T5/trial_2;1;1 024;0;sigmoid;MSE;0;Adagrad;25,3033;25,3033;8 000
T1-T4_T5/trial_20;2;512;0,0003;ReLU;Huber;0;Adam;3,5771;3,5771;270
T1-T4_T5/trial_21;2;64;0,002;ReLU;Huber;0;Adam;3,3855;3,3855;280
T1-T4_T5/trial_22;2;64;0,0029;ReLU;Huber;0;Adam;3,3801;3,3801;200
T1-T4_T5/trial_23;3;64;0,0007;ReLU;Huber;0;Adam;3,3163;3,3163;380
T1-T4_T5/trial_24;2;64;0,0003;ReLU;Huber;0;Adam;3,5308;3,5308;340
T1-T4_T5/trial_25;1;64;0,0051;ReLU;Huber;0;Adam;3,7489;3,7489;180
T1-T4_T5/trial_26;4;32;0,0001;ReLU;Huber;0;Adam;3,336;3,336;2 640
T1-T4_T5/trial_27;2;256;0;ReLU;Huber;0;Adam;3,4145;3,4145;2 000
T1-T4_T5/trial_28;1;512;0,0018;tanh;Huber;0;RMSprop;9,4759;9,4759;60
T1-T4_T5/trial_29;1;128;0,0079;sigmoid;Huber;0;Adagrad;3,7085;3,7085;2 600
T1-T4_T5/trial_3;1;512;0;ReLU;Huber;1;Adam;3,3628;3,3628;2 920
T1-T4_T5/trial_30;3;64;0,0003;tanh;MAE;0;RMSprop;3,9283;3,9283;3 318
T1-T4_T5/trial_31;4;32;0;ReLU;Huber;0;Adam;3,3597;3,3597;2 540
T1-T4_T5/trial_32;5;32;0;ReLU;Huber;0;Adam;4,4294;4,4294;4 000
T1-T4_T5/trial_33;4;32;0,0001;ReLU;Huber;0;Adam;3,4513;3,4513;2 380
T1-T4_T5/trial_34;4;1 024;0;sigmoid;Huber;0;Adagrad;22,6626;22,6626;4 000
T1-T4_T5/trial_35;3;32;0;ReLU;Huber;0;Adam;3,4406;3,4406;4 000
T1-T4_T5/trial_36;1;1 024;0,0001;ReLU;Huber;0;Adam;3,5025;3,5025;650
T1-T4_T5/trial_37;5;32;0,0002;tanh;Huber;0;Adagrad;26,094;26,094;4 000
T1-T4_T5/trial_38;3;128;0;sigmoid;MSE;0;RMSprop;23,4475;23,4475;2 000
T1-T4_T5/trial_39;1;64;0,0006;ReLU;MSE;0;Adam;3,2794;3,2794;700
T1-T4_T5/trial_4;1;32;0;tanh;MSE;1;RMSprop;21,7169;21,7169;4 000
T1-T4_T5/trial_40;1;512;0;ReLU;Huber;0;Adam;3,3729;3,3729;1 500
T1-T4_T5/trial_41;1;512;0;ReLU;Huber;0;Adam;3,3367;3,3367;1 360
T1-T4_T5/trial_42;1;512;0;ReLU;Huber;0;Adam;3,3852;3,3852;3 280
T1-T4_T5/trial_43;1;512;0;ReLU;Huber;0;Adam;3,4117;3,4117;3 160
T1-T4_T5/trial_44;1;512;0;ReLU;Huber;0;Adam;3,3416;3,3416;2 140
T1-T4_T5/trial_45;1;512;0;ReLU;Huber;0;Adam;3,3907;3,3907;4 000
T1-T4_T5/trial_46;1;512;0;sigmoid;MAE;0;Adagrad;25,3775;25,3775;4 000
T1-T4_T5/trial_47;1;512;0;ReLU;MSE;0;RMSprop;3,327;3,327;1 220
T1-T4_T5/trial_48;1;512;0,0001;ReLU;Huber;0;Adam;3,3269;3,3269;780
T1-T4_T5/trial_49;1;512;0;ReLU;Huber;0;Adam;3,4423;3,4423;3 920
T1-T4_T5/trial_5;1;128;0,0004;tanh;MSE;1;Adagrad;20,8913;20,8913;2 000
T1-T4_T5/trial_6;1;1 024;0,0035;sigmoid;MSE;1;RMSprop;9,6786;9,6786;70
T1-T4_T5/trial_7;5;128;0,0005;ReLU;MSE;1;Adam;3,2735;3,2735;1 060
T1-T4_T5/trial_8;1;256;0;sigmoid;MSE;0;RMSprop;11,4824;11,4824;4 000
T1-T4_T5/trial_9;4;32;0,0001;ReLU;Huber;1;Adagrad;29,1299;29,1299;4 000
T2_T5/trial_0;4;128;0,0071;ReLU;Huber;0;Adagrad;5,9625;5,9625;1 560
T2_T5/trial_1;4;1 024;0;tanh;Huber;1;Adagrad;23,6424;23,6424;16 000
T2_T5/trial_10;4;128;0,0096;ReLU;Huber;0;RMSprop;6,499;6,499;170
T2_T5/trial_11;4;128;0,0092;ReLU;Huber;0;RMSprop;5,6566;5,6566;180
T2_T5/trial_12;4;128;0,0092;ReLU;Huber;0;RMSprop;8,8736;8,8736;160
T2_T5/trial_13;4;32;0,002;ReLU;Huber;0;RMSprop;5,6739;5,6739;760
T2_T5/trial_14;5;32;0,0018;ReLU;Huber;0;RMSprop;7,6133;7,6133;560
T2_T5/trial_15;2;32;0,0013;sigmoid;Huber;0;Adam;6,6864;6,6864;3 640
T2_T5/trial_16;4;32;0,0021;ReLU;Huber;0;RMSprop;5,6219;5,6219;880
T2_T5/trial_17;2;512;0,0034;ReLU;Huber;0;Adagrad;5,6534;5,6534;1 160
T2_T5/trial_18;1;512;0,0008;tanh;Huber;0;Adagrad;5,8321;5,8321;4 680
T2_T5/trial_19;2;512;0,0041;sigmoid;Huber;0;Adagrad;6,435;6,435;1 880
T2_T5/trial_2;3;64;0,0002;sigmoid;MSE;1;Adagrad;27,8143;27,8143;16 000
T2_T5/trial_20;2;512;0,0007;ReLU;MAE;0;Adagrad;5,4768;5,4768;2 240
T2_T5/trial_21;4;32;0,0044;ReLU;Huber;0;Adagrad;5,5852;5,5852;2 320
T2_T5/trial_22;5;128;0,004;ReLU;Huber;0;RMSprop;5,5866;5,5866;520
T2_T5/trial_23;3;32;0,0027;ReLU;Huber;0;Adam;5,6979;5,6979;840
T2_T5/trial_24;2;512;0,0005;ReLU;Huber;0;Adam;6,0088;6,0088;840
T2_T5/trial_25;3;1 024;0,0051;ReLU;Huber;0;Adam;5,9374;5,9374;400
T2_T5/trial_26;1;256;0,0028;ReLU;Huber;1;Adam;5,6018;5,6018;360
T2_T5/trial_27;2;128;0,001;ReLU;Huber;0;Adam;5,6347;5,6347;430
T2_T5/trial_28;2;128;0,0005;sigmoid;MAE;0;Adagrad;24,1787;24,1787;2 000
T2_T5/trial_29;1;128;0;tanh;Huber;1;Adagrad;28,3129;28,3129;2 000
T2_T5/trial_3;3;64;0;tanh;MAE;0;RMSprop;20,8968;20,8968;4 000
T2_T5/trial_30;2;128;0,0014;tanh;Huber;0;Adam;6,4725;6,4725;640
T2_T5/trial_31;3;1 024;0,0061;ReLU;Huber;0;Adam;5,6583;5,6583;250
T2_T5/trial_32;3;1 024;0,006;ReLU;Huber;0;Adam;5,6821;5,6821;140
T2_T5/trial_33;3;1 024;0,0063;ReLU;Huber;0;Adam;6,1573;6,1573;200
T2_T5/trial_34;3;64;0,0011;ReLU;Huber;1;Adam;5,7117;5,7117;1 020
T2_T5/trial_35;2;1 024;0,003;ReLU;MSE;0;Adagrad;5,594;5,594;1 680
T2_T5/trial_36;1;512;0,0067;tanh;MAE;0;Adam;6,6214;6,6214;250
T2_T5/trial_37;3;64;0,0001;ReLU;Huber;1;Adagrad;27,0671;27,0671;4 000
T2_T5/trial_38;3;1 024;0,0032;sigmoid;MSE;0;Adam;9,8755;9,8755;480
T2_T5/trial_39;2;128;0,0019;ReLU;Huber;0;Adagrad;5,5851;5,5851;680
T2_T5/trial_4;5;64;0,0002;ReLU;MSE;1;Adagrad;29,2603;29,2603;4 000
T2_T5/trial_40;5;256;0,0004;ReLU;MAE;1;Adagrad;5,9374;5,9374;2 000
T2_T5/trial_41;3;1 024;0,0066;ReLU;Huber;0;Adam;5,6178;5,6178;190
T2_T5/trial_42;3;1 024;0,0058;ReLU;Huber;0;Adam;6,0663;6,0663;220
T2_T5/trial_43;3;1 024;0,0078;ReLU;Huber;0;Adam;5,7462;5,7462;190
T2_T5/trial_44;4;1 024;0,0037;ReLU;MSE;0;Adam;5,9338;5,9338;120
T2_T5/trial_45;2;128;0,01;ReLU;Huber;0;Adam;5,7836;5,7836;200
T2_T5/trial_46;4;512;0,0052;ReLU;Huber;0;Adam;6,6113;6,6113;640
T2_T5/trial_47;3;128;0,0027;ReLU;Huber;0;Adagrad;5,5417;5,5417;550
T2_T5/trial_48;2;64;0,0015;sigmoid;Huber;0;Adam;6,5904;6,5904;1 010
T2_T5/trial_49;4;1 024;0,0023;tanh;Huber;0;Adagrad;6,2556;6,2556;340
T2_T5/trial_5;3;512;0,0002;tanh;MAE;0;Adam;5,8777;5,8777;1 240
T2_T5/trial_6;1;256;0,0002;ReLU;MSE;1;Adam;5,6784;5,6784;2 720
T2_T5/trial_7;3;128;0;ReLU;MAE;0;Adagrad;24,1015;24,1015;16 000
T2_T5/trial_8;5;1 024;0,0001;sigmoid;MSE;0;Adagrad;17,9342;17,9342;4 000
T2_T5/trial_9;2;256;0,0002;ReLU;MSE;1;Adagrad;5,7429;5,7429;8 000
T1-T2-T3_T5/trial_0;4;256;0,0005;ReLU;MAE;1;RMSprop;5,8719;5,8719;320
T1-T2-T3_T5/trial_1;3;256;0;sigmoid;MSE;0;RMSprop;16,7864;16,7864;4 000
T1-T2-T3_T5/trial_10;5;1 024;0,0002;ReLU;Huber;1;Adagrad;5,4049;5,4049;880
T1-T2-T3_T5/trial_11;5;1 024;0,0001;ReLU;Huber;1;Adagrad;4,6664;4,6664;4 000
T1-T2-T3_T5/trial_12;5;1 024;0,0001;ReLU;Huber;1;Adagrad;4,9465;4,9465;4 960
T1-T2-T3_T5/trial_13;4;1 024;0,0006;ReLU;Huber;1;Adagrad;4,8541;4,8541;480
T1-T2-T3_T5/trial_14;5;512;0,0001;ReLU;Huber;1;Adam;5,0522;5,0522;1 480
T1-T2-T3_T5/trial_15;4;32;0,0075;ReLU;Huber;1;Adagrad;4,4373;4,4373;4 266
T1-T2-T3_T5/trial_16;4;32;0,0089;ReLU;Huber;1;Adam;5,0951;5,0951;553
T1-T2-T3_T5/trial_17;4;32;0,0094;ReLU;MAE;1;Adagrad;4,472;4,472;11 376
T1-T2-T3_T5/trial_18;2;32;0,0009;ReLU;Huber;1;Adam;5,1822;5,1822;1 501
T1-T2-T3_T5/trial_19;4;512;0,0031;tanh;Huber;1;Adam;9,7128;9,7128;1 185
T1-T2-T3_T5/trial_2;3;128;0;ReLU;MSE;1;Adam;4,5268;4,5268;2 000
T1-T2-T3_T5/trial_20;2;512;0,0012;ReLU;MAE;1;Adagrad;4,5152;4,5152;280
T1-T2-T3_T5/trial_21;5;1 024;0,0001;ReLU;Huber;1;Adagrad;4,9381;4,9381;6 840
T1-T2-T3_T5/trial_22;5;1 024;0,0002;ReLU;Huber;1;Adagrad;4,9685;4,9685;1 520
T1-T2-T3_T5/trial_23;5;32;0,0001;ReLU;Huber;1;Adagrad;14,9442;14,9442;15 800
T1-T2-T3_T5/trial_24;4;256;0,0003;ReLU;Huber;1;Adagrad;4,8466;4,8466;2 844
T1-T2-T3_T5/trial_25;5;128;0;ReLU;Huber;1;Adagrad;29,6169;29,6169;8 000
T1-T2-T3_T5/trial_26;4;64;0,0045;ReLU;Huber;0;Adam;4,9431;4,9431;320
T1-T2-T3_T5/trial_27;3;64;0,0045;ReLU;Huber;0;Adam;5,2947;5,2947;360
T1-T2-T3_T5/trial_28;4;64;0,0044;tanh;Huber;0;Adam;9,8424;9,8424;240
T1-T2-T3_T5/trial_29;4;64;0,0013;sigmoid;MAE;0;Adam;5,7524;5,7524;1 160
T1-T2-T3_T5/trial_3;5;512;0,0001;ReLU;Huber;1;Adam;4,3293;4,3293;2 370
T1-T2-T3_T5/trial_30;4;256;0,0059;ReLU;MAE;0;Adam;6,554;6,554;260
T1-T2-T3_T5/trial_31;5;32;0,0003;ReLU;Huber;1;Adagrad;15,1769;15,1769;4 000
T1-T2-T3_T5/trial_32;5;512;0,0005;ReLU;Huber;0;RMSprop;6,3921;6,3921;160
T1-T2-T3_T5/trial_33;3;64;0,0065;ReLU;Huber;1;Adam;5,2259;5,2259;300
T1-T2-T3_T5/trial_34;3;1 024;0;ReLU;MSE;0;Adam;4,4435;4,4435;1 343
T1-T2-T3_T5/trial_35;5;128;0;ReLU;Huber;1;RMSprop;4,6784;4,6784;1 810
T1-T2-T3_T5/trial_36;3;128;0,0001;sigmoid;MSE;0;RMSprop;19,5274;19,5274;2 000
T1-T2-T3_T5/trial_37;4;128;0;ReLU;Huber;0;RMSprop;5,1385;5,1385;930
T1-T2-T3_T5/trial_38;4;128;0,0018;tanh;Huber;1;RMSprop;9,841;9,841;1 190
T1-T2-T3_T5/trial_39;3;128;0;sigmoid;MSE;0;RMSprop;21,3577;21,3577;2 000
T1-T2-T3_T5/trial_4;2;128;0;tanh;MSE;0;RMSprop;7,2212;7,2212;15 800
T1-T2-T3_T5/trial_40;2;256;0;ReLU;Huber;1;RMSprop;4,3348;4,3348;4 108
T1-T2-T3_T5/trial_41;2;256;0;ReLU;Huber;1;RMSprop;4,4277;4,4277;5 056
T1-T2-T3_T5/trial_42;1;256;0;ReLU;Huber;1;RMSprop;4,5085;4,5085;6 715
T1-T2-T3_T5/trial_43;1;256;0;ReLU;Huber;1;RMSprop;4,5449;4,5449;5 846
T1-T2-T3_T5/trial_44;1;256;0;ReLU;Huber;1;RMSprop;4,3753;4,3753;5 530
T1-T2-T3_T5/trial_45;1;256;0;ReLU;Huber;1;RMSprop;4,3951;4,3951;6 162
T1-T2-T3_T5/trial_46;1;256;0;tanh;Huber;1;RMSprop;4,8469;4,8469;6 478
T1-T2-T3_T5/trial_47;1;256;0;sigmoid;MSE;1;RMSprop;5,8582;5,8582;15 800
T1-T2-T3_T5/trial_48;1;256;0;ReLU;MAE;1;RMSprop;4,3332;4,3332;3 950
T1-T2-T3_T5/trial_49;1;256;0,0001;ReLU;Huber;1;RMSprop;4,4343;4,4343;1 817
T1-T2-T3_T5/trial_5;1;512;0,0021;sigmoid;MSE;0;RMSprop;5,5103;5,5103;1 000
T1-T2-T3_T5/trial_6;3;64;0,0002;sigmoid;MAE;0;Adam;5,0466;5,0466;8 690
T1-T2-T3_T5/trial_7;1;64;0;tanh;Huber;1;Adagrad;25,9624;25,9624;15 800
T1-T2-T3_T5/trial_8;5;32;0,0025;tanh;Huber;0;Adam;9,838;9,838;900
T1-T2-T3_T5/trial_9;4;512;0;sigmoid;MSE;1;RMSprop;18,442;18,442;15 800
T1-T2_T5/trial_0;4;1 024;0,0001;tanh;MAE;0;Adagrad;11,6192;11,6192;2 000
T1-T2_T5/trial_1;5;128;0,0003;ReLU;MSE;0;RMSprop;6,2058;6,2058;360
T1-T2_T5/trial_10;2;64;0,0084;sigmoid;Huber;1;RMSprop;10,0031;10,0031;280
T1-T2_T5/trial_11;2;128;0,0068;sigmoid;MAE;0;Adagrad;6,1699;6,1699;2 480
T1-T2_T5/trial_12;2;128;0,0083;sigmoid;Huber;0;Adagrad;6,111;6,111;1 920
T1-T2_T5/trial_13;2;128;0,0037;sigmoid;Huber;0;Adagrad;6,0843;6,0843;6 640
T1-T2_T5/trial_14;2;128;0,0045;sigmoid;Huber;0;Adagrad;6,0972;6,0972;4 720
T1-T2_T5/trial_15;2;256;0,0093;sigmoid;Huber;0;Adagrad;6,4125;6,4125;1 440
T1-T2_T5/trial_16;3;64;0,0034;ReLU;Huber;0;Adagrad;5,5008;5,5008;3 680
T1-T2_T5/trial_17;4;64;0,0032;ReLU;Huber;0;Adagrad;5,4744;5,4744;2 240
T1-T2_T5/trial_18;4;64;0,0007;ReLU;Huber;1;Adagrad;5,6162;5,6162;16 000
T1-T2_T5/trial_19;3;64;0,0029;ReLU;Huber;0;Adagrad;5,4932;5,4932;2 800
T1-T2_T5/trial_2;1;512;0,0015;tanh;MSE;0;RMSprop;7,109;7,109;1 440
T1-T2_T5/trial_20;4;64;0,0002;ReLU;Huber;0;Adagrad;6,87;6,87;4 000
T1-T2_T5/trial_21;3;64;0,0034;ReLU;Huber;0;Adagrad;5,4562;5,4562;2 000
T1-T2_T5/trial_22;3;64;0,0027;ReLU;Huber;0;Adagrad;5,5122;5,5122;1 600
T1-T2_T5/trial_23;3;64;0,0011;ReLU;Huber;0;Adagrad;5,5092;5,5092;6 320
T1-T2_T5/trial_24;4;64;0,0006;ReLU;Huber;0;Adagrad;5,5615;5,5615;9 680
T1-T2_T5/trial_25;3;32;0,0023;ReLU;Huber;0;Adagrad;5,5053;5,5053;2 480
T1-T2_T5/trial_26;4;64;0,0049;ReLU;Huber;1;Adagrad;5,5257;5,5257;4 800
T1-T2_T5/trial_27;4;64;0,006;ReLU;Huber;1;Adagrad;5,4973;5,4973;3 520
T1-T2_T5/trial_28;5;64;0,0055;ReLU;MSE;1;Adam;5,6519;5,6519;580
T1-T2_T5/trial_29;4;64;0,0001;ReLU;MAE;1;Adagrad;26,2667;26,2667;2 000
T1-T2_T5/trial_3;5;512;0,0003;tanh;MAE;0;Adagrad;6,3952;6,3952;8 000
T1-T2_T5/trial_30;4;1 024;0;ReLU;MAE;1;Adagrad;5,6906;5,6906;16 000
T1-T2_T5/trial_31;4;64;0,005;ReLU;Huber;1;Adagrad;5,5192;5,5192;3 520
T1-T2_T5/trial_32;5;64;0,0024;ReLU;Huber;1;Adagrad;5,5503;5,5503;7 280
T1-T2_T5/trial_33;4;64;0,0012;ReLU;Huber;1;Adagrad;5,5847;5,5847;7 040
T1-T2_T5/trial_34;5;32;0,0058;ReLU;MSE;1;Adagrad;28,6346;28,6346;8 000
T1-T2_T5/trial_35;4;256;0,01;tanh;Huber;1;RMSprop;9,9747;9,9747;480
T1-T2_T5/trial_36;4;1 024;0,0018;ReLU;Huber;1;Adagrad;5,518;5,518;1 760
T1-T2_T5/trial_37;3;512;0,0032;ReLU;Huber;1;Adagrad;5,7027;5,7027;1 840
T1-T2_T5/trial_38;3;512;0,0011;ReLU;MSE;1;Adam;5,9951;5,9951;640
T1-T2_T5/trial_39;3;512;0,0046;tanh;MAE;1;RMSprop;9,9991;9,9991;170
T1-T2_T5/trial_4;5;1 024;0;sigmoid;Huber;1;Adam;24,2958;24,2958;8 000
T1-T2_T5/trial_40;3;512;0,0005;ReLU;Huber;1;Adam;5,5435;5,5435;380
T1-T2_T5/trial_41;4;512;0,003;ReLU;Huber;1;Adagrad;5,7952;5,7952;1 440
T1-T2_T5/trial_42;5;64;0,0019;ReLU;Huber;1;Adagrad;5,5778;5,5778;6 080
T1-T2_T5/trial_43;3;512;0,0066;ReLU;Huber;1;Adagrad;5,5384;5,5384;1 360
T1-T2_T5/trial_44;4;64;0,0042;ReLU;Huber;1;Adagrad;5,5253;5,5253;1 240
T1-T2_T5/trial_45;5;1 024;0,0015;tanh;Huber;0;RMSprop;9,8493;9,8493;560
T1-T2_T5/trial_46;3;32;0,0004;ReLU;MSE;0;Adagrad;5,7702;5,7702;16 000
T1-T2_T5/trial_47;4;256;0,007;ReLU;Huber;1;Adagrad;5,9066;5,9066;310
T1-T2_T5/trial_48;3;64;0;ReLU;MAE;0;Adagrad;27,5359;27,5359;16 000
T1-T2_T5/trial_49;2;512;0,0002;ReLU;Huber;1;Adam;5,5256;5,5256;1 680
T1-T2_T5/trial_5;1;128;0,0003;ReLU;MSE;1;Adam;5,7495;5,7495;960
T1-T2_T5/trial_6;4;512;0,0019;sigmoid;Huber;0;RMSprop;10,0284;10,0284;90
T1-T2_T5/trial_7;3;32;0,0008;tanh;MAE;0;Adam;6,7462;6,7462;1 710
T1-T2_T5/trial_8;3;256;0;tanh;MSE;1;Adam;14,9696;14,9696;8 000
T1-T2_T5/trial_9;1;128;0,0014;sigmoid;Huber;0;RMSprop;6,6183;6,6183;750
T2-T3-T4_T5/trial_0;3;32;0,0023;tanh;Huber;1;Adagrad;25,8466;25,8466;4 000
T2-T3-T4_T5/trial_1;5;1 024;0;sigmoid;MSE;0;Adam;9,6731;9,6731;3 040
T2-T3-T4_T5/trial_10;5;32;0,0001;ReLU;Huber;1;RMSprop;28,1152;28,1152;15 400
T2-T3-T4_T5/trial_11;2;64;0,0084;ReLU;MAE;1;Adagrad;3,4762;3,4762;270
T2-T3-T4_T5/trial_12;2;64;0;ReLU;Huber;1;Adagrad;24,2108;24,2108;2 000
T2-T3-T4_T5/trial_13;4;64;0,0025;ReLU;Huber;1;Adagrad;3,3055;3,3055;620
T2-T3-T4_T5/trial_14;4;64;0,0028;ReLU;MAE;1;Adagrad;3,3365;3,3365;480
T2-T3-T4_T5/trial_15;4;64;0,0021;ReLU;MAE;1;Adagrad;3,453;3,453;320
T2-T3-T4_T5/trial_16;4;64;0,0035;ReLU;Huber;1;RMSprop;3,9465;3,9465;200
T2-T3-T4_T5/trial_17;4;64;0,0009;ReLU;MAE;1;Adagrad;3,3325;3,3325;6 314
T2-T3-T4_T5/trial_18;5;1 024;0,0038;ReLU;Huber;1;Adagrad;4,4512;4,4512;585
T2-T3-T4_T5/trial_19;4;64;0,0002;ReLU;MSE;1;RMSprop;3,2092;3,2092;680
T2-T3-T4_T5/trial_2;1;128;0,0003;sigmoid;MAE;0;Adagrad;23,7221;23,7221;4 000
T2-T3-T4_T5/trial_20;5;64;0,0043;ReLU;Huber;1;Adagrad;29,7236;29,7236;2 000
T2-T3-T4_T5/trial_21;4;64;0,0014;ReLU;Huber;1;RMSprop;3,655;3,655;170
T2-T3-T4_T5/trial_22;4;64;0,0013;ReLU;Huber;1;RMSprop;3,9421;3,9421;220
T2-T3-T4_T5/trial_23;4;64;0,0011;ReLU;Huber;1;RMSprop;3,8744;3,8744;170
T2-T3-T4_T5/trial_24;3;64;0,0029;ReLU;Huber;1;RMSprop;6,077;6,077;120
T2-T3-T4_T5/trial_25;5;64;0,0005;ReLU;MAE;1;RMSprop;3,3896;3,3896;550
T2-T3-T4_T5/trial_26;4;512;0,0016;ReLU;Huber;1;Adagrad;3,1917;3,1917;819
T2-T3-T4_T5/trial_27;4;512;0,0002;ReLU;Huber;1;Adagrad;3,3049;3,3049;1 950
T2-T3-T4_T5/trial_28;3;512;0,0002;sigmoid;Huber;1;Adagrad;23,6236;23,6236;7 800
T2-T3-T4_T5/trial_29;5;512;0,0001;tanh;Huber;1;Adagrad;26,8689;26,8689;7 800
T2-T3-T4_T5/trial_3;2;256;0,0067;sigmoid;MSE;0;Adagrad;4,8906;4,8906;975
T2-T3-T4_T5/trial_30;3;512;0,0001;tanh;Huber;1;Adagrad;23,0058;23,0058;7 800
T2-T3-T4_T5/trial_31;4;512;0,0014;ReLU;Huber;1;Adagrad;4,0088;4,0088;507
T2-T3-T4_T5/trial_32;4;512;0,0005;ReLU;Huber;1;Adam;3,3078;3,3078;320
T2-T3-T4_T5/trial_33;5;512;0,0005;ReLU;Huber;1;Adam;3,2294;3,2294;380
T2-T3-T4_T5/trial_34;5;512;0,0003;sigmoid;MSE;1;Adam;10,2187;10,2187;4 000
T2-T3-T4_T5/trial_35;5;1 024;0,0003;ReLU;Huber;1;Adam;3,609;3,609;260
T2-T3-T4_T5/trial_36;5;128;0,0009;sigmoid;Huber;1;Adam;9,7178;9,7178;4 000
T2-T3-T4_T5/trial_37;5;512;0;ReLU;MSE;0;Adam;3,0962;3,0962;1 365
T2-T3-T4_T5/trial_38;4;256;0,0048;sigmoid;Huber;1;Adagrad;15,6785;15,6785;4 000
T2-T3-T4_T5/trial_39;1;512;0,0019;tanh;Huber;0;Adam;4,9385;4,9385;585
T2-T3-T4_T5/trial_4;3;256;0,0017;sigmoid;MSE;0;RMSprop;9,64;9,64;110
T2-T3-T4_T5/trial_40;3;128;0,0005;ReLU;MSE;1;Adagrad;3,2554;3,2554;2 730
T2-T3-T4_T5/trial_41;4;512;0,0006;ReLU;Huber;1;Adam;3,1817;3,1817;340
T2-T3-T4_T5/trial_42;4;512;0,0003;ReLU;Huber;1;Adam;3,4163;3,4163;500
T2-T3-T4_T5/trial_43;4;512;0,0007;ReLU;Huber;1;Adam;3,2167;3,2167;320
T2-T3-T4_T5/trial_44;3;32;0,0001;ReLU;Huber;0;Adam;3,2977;3,2977;1 280
T2-T3-T4_T5/trial_45;5;512;0,001;ReLU;Huber;1;Adam;3,1526;3,1526;770
T2-T3-T4_T5/trial_46;4;256;0;ReLU;Huber;1;Adagrad;10,5355;10,5355;4 000
T2-T3-T4_T5/trial_47;3;512;0,0004;tanh;Huber;0;Adagrad;4,6897;4,6897;6 162
T2-T3-T4_T5/trial_48;4;1 024;0,0054;ReLU;Huber;1;Adam;3,7888;3,7888;1 232
T2-T3-T4_T5/trial_49;5;512;0,0023;ReLU;Huber;1;Adagrad;5,7014;5,7014;200
T2-T3-T4_T5/trial_5;1;256;0,0008;tanh;Huber;0;Adam;4,3978;4,3978;1 925
T2-T3-T4_T5/trial_6;4;128;0,0007;tanh;MAE;0;Adam;9,6385;9,6385;450
T2-T3-T4_T5/trial_7;3;512;0,0002;tanh;MAE;0;Adam;3,796;3,796;1 092
T2-T3-T4_T5/trial_8;2;512;0,0071;ReLU;MAE;1;Adagrad;3,9014;3,9014;150
T2-T3-T4_T5/trial_9;3;32;0,0004;ReLU;Huber;0;Adagrad;4,0601;4,0601;2 000
T2-T3_T5/trial_0;4;512;0,0096;tanh;MSE;1;Adam;9,709;9,709;553
T2-T3_T5/trial_1;1;512;0,0035;tanh;Huber;1;Adam;6,0826;6,0826;680
T2-T3_T5/trial_10;1;32;0,0001;sigmoid;Huber;1;Adam;15,4454;15,4454;8 000
T2-T3_T5/trial_11;2;1 024;0,0001;ReLU;Huber;0;Adagrad;4,5869;4,5869;1 501
T2-T3_T5/trial_12;2;64;0,0001;ReLU;Huber;0;Adagrad;17,8052;17,8052;2 000
T2-T3_T5/trial_13;1;1 024;0,0002;ReLU;Huber;1;Adagrad;4,7377;4,7377;2 960
T2-T3_T5/trial_14;2;1 024;0,0001;ReLU;Huber;1;Adagrad;4,6308;4,6308;1 738
T2-T3_T5/trial_15;1;1 024;0;ReLU;Huber;0;Adagrad;5,479;5,479;8 000
T2-T3_T5/trial_16;2;64;0,0002;sigmoid;MAE;1;Adagrad;27,8366;27,8366;15 800
T2-T3_T5/trial_17;1;128;0;ReLU;Huber;0;Adagrad;21,1653;21,1653;2 000
T2-T3_T5/trial_18;2;256;0,0003;ReLU;Huber;0;Adagrad;4,7963;4,7963;1 280
T2-T3_T5/trial_19;4;32;0;sigmoid;MAE;1;Adagrad;30,4884;30,4884;15 800
T2-T3_T5/trial_2;3;1 024;0,0098;ReLU;Huber;0;Adagrad;4,8483;4,8483;1 185
T2-T3_T5/trial_20;1;1 024;0,0003;ReLU;Huber;1;Adagrad;4,7864;4,7864;1 106
T2-T3_T5/trial_21;2;1 024;0,0001;ReLU;Huber;1;Adagrad;4,6206;4,6206;2 370
T2-T3_T5/trial_22;2;1 024;0,0002;ReLU;Huber;1;Adagrad;4,719;4,719;1 343
T2-T3_T5/trial_23;3;1 024;0,0001;ReLU;Huber;1;Adagrad;4,6119;4,6119;5 530
T2-T3_T5/trial_24;3;1 024;0,0001;ReLU;Huber;1;Adagrad;4,5633;4,5633;5 372
T2-T3_T5/trial_25;3;1 024;0,0001;ReLU;Huber;1;Adagrad;4,5903;4,5903;8 769
T2-T3_T5/trial_26;4;1 024;0;ReLU;Huber;0;Adagrad;5,2737;5,2737;15 800
T2-T3_T5/trial_27;3;128;0,0001;ReLU;Huber;1;Adagrad;5,8959;5,8959;15 800
T2-T3_T5/trial_28;3;64;0;sigmoid;MAE;0;Adagrad;30,1112;30,1112;15 800
T2-T3_T5/trial_29;5;256;0,0003;tanh;MSE;1;RMSprop;9,7688;9,7688;7 110
T2-T3_T5/trial_3;5;128;0,0021;sigmoid;MSE;0;RMSprop;5,9375;5,9375;650
T2-T3_T5/trial_30;4;1 024;0;tanh;MSE;1;Adam;5,7806;5,7806;9 875
T2-T3_T5/trial_31;3;1 024;0,0001;ReLU;Huber;1;Adagrad;4,5969;4,5969;5 214
T2-T3_T5/trial_32;3;1 024;0,0001;ReLU;Huber;1;Adagrad;4,6444;4,6444;7 584
T2-T3_T5/trial_33;3;32;0,0001;ReLU;Huber;1;Adagrad;25,0182;25,0182;15 800
T2-T3_T5/trial_34;3;1 024;0;ReLU;Huber;1;Adagrad;9,7378;9,7378;2 000
T2-T3_T5/trial_35;4;1 024;0,0052;ReLU;Huber;1;Adagrad;4,3989;4,3989;869
T2-T3_T5/trial_36;3;1 024;0;ReLU;Huber;1;Adam;4,3707;4,3707;1 185
T2-T3_T5/trial_37;3;128;0;tanh;Huber;1;Adagrad;29,5974;29,5974;4 000
T2-T3_T5/trial_38;4;512;0,0001;ReLU;MSE;1;RMSprop;5,342;5,342;632
T2-T3_T5/trial_39;5;1 024;0;ReLU;Huber;1;Adam;4,6981;4,6981;520
T2-T3_T5/trial_4;1;1 024;0,001;ReLU;Huber;1;Adam;5,3952;5,3952;520
T2-T3_T5/trial_40;3;1 024;0,0018;sigmoid;MAE;1;Adagrad;10,4383;10,4383;2 000
T2-T3_T5/trial_41;3;1 024;0,0001;ReLU;Huber;0;Adagrad;4,5832;4,5832;1 659
T2-T3_T5/trial_42;3;1 024;0,0002;ReLU;Huber;1;Adagrad;4,4149;4,4149;1 027
T2-T3_T5/trial_43;2;1 024;0,0001;ReLU;Huber;0;Adagrad;4,5456;4,5456;3 634
T2-T3_T5/trial_44;4;512;0,0001;ReLU;Huber;1;Adagrad;5,1054;5,1054;15 800
T2-T3_T5/trial_45;3;1 024;0,0001;ReLU;Huber;0;RMSprop;6,4228;6,4228;474
T2-T3_T5/trial_46;2;256;0;tanh;Huber;1;Adagrad;25,0105;25,0105;15 800
T2-T3_T5/trial_47;3;32;0;ReLU;MSE;1;Adagrad;29,5903;29,5903;4 000
T2-T3_T5/trial_48;2;1 024;0,0001;ReLU;Huber;0;Adam;4,8869;4,8869;869
T2-T3_T5/trial_49;3;64;0,0002;ReLU;Huber;1;Adagrad;4,8754;4,8754;15 800
T2-T3_T5/trial_5;3;512;0,0012;ReLU;MSE;0;Adam;4,7695;4,7695;948
T2-T3_T5/trial_6;4;512;0,0007;tanh;MAE;1;RMSprop;9,8505;9,8505;760
T2-T3_T5/trial_7;3;512;0;tanh;MAE;1;Adagrad;26,7641;26,7641;4 000
T2-T3_T5/trial_8;2;256;0,0005;ReLU;Huber;0;RMSprop;6,2347;6,2347;280
T2-T3_T5/trial_9;2;1 024;0,0008;ReLU;MSE;0;RMSprop;5,4224;5,4224;480
T2-T4_T5/trial_0;3;512;0;tanh;MAE;0;Adam;3,8814;3,8814;5 382
T2-T4_T5/trial_1;1;256;0;tanh;MAE;0;Adam;10,6394;10,6394;2 000
T2-T4_T5/trial_10;5;512;0;tanh;MAE;0;Adam;10,2442;10,2442;4 134
T2-T4_T5/trial_11;5;128;0,0012;sigmoid;MAE;1;Adagrad;28,2102;28,2102;4 000
T2-T4_T5/trial_12;4;1 024;0,0008;sigmoid;MAE;0;Adagrad;10,256;10,256;1 404
T2-T4_T5/trial_13;2;512;0,001;sigmoid;MAE;1;Adagrad;13,101;13,101;4 000
T2-T4_T5/trial_14;2;512;0,0001;sigmoid;MAE;1;Adagrad;21,7923;21,7923;15 600
T2-T4_T5/trial_15;4;1 024;0,0028;tanh;MAE;0;Adam;10,8176;10,8176;507
T2-T4_T5/trial_16;4;128;0,01;sigmoid;MSE;1;Adagrad;10,4984;10,4984;15 600
T2-T4_T5/trial_17;2;1 024;0,0005;sigmoid;MAE;0;Adam;10,3902;10,3902;200
T2-T4_T5/trial_18;4;512;0,0001;tanh;MAE;0;Adagrad;13,0889;13,0889;4 000
T2-T4_T5/trial_19;2;1 024;0,0021;ReLU;MSE;1;RMSprop;3,5848;3,5848;624
T2-T4_T5/trial_2;1;1 024;0,0012;sigmoid;MAE;1;Adagrad;4,4831;4,4831;1 320
T2-T4_T5/trial_20;3;512;0,0004;tanh;MAE;1;Adagrad;15,8288;15,8288;7 800
T2-T4_T5/trial_21;2;256;0,0001;tanh;Huber;0;RMSprop;4,2157;4,2157;1 640
T2-T4_T5/trial_22;2;256;0,0001;tanh;Huber;0;RMSprop;4,5358;4,5358;1 760
T2-T4_T5/trial_23;2;256;0,0001;tanh;Huber;0;RMSprop;4,4468;4,4468;2 400
T2-T4_T5/trial_24;2;256;0,0001;tanh;Huber;0;RMSprop;5,0957;5,0957;1 780
T2-T4_T5/trial_25;2;256;0,0001;tanh;Huber;0;RMSprop;4,3726;4,3726;1 940
T2-T4_T5/trial_26;2;256;0,0002;tanh;Huber;0;RMSprop;4,5762;4,5762;1 000
T2-T4_T5/trial_27;3;256;0,0001;tanh;Huber;0;RMSprop;4,6546;4,6546;1 940
T2-T4_T5/trial_28;2;256;0,0003;tanh;Huber;0;RMSprop;4,4426;4,4426;700
T2-T4_T5/trial_29;1;256;0;tanh;Huber;0;RMSprop;6,331;6,331;4 000
T2-T4_T5/trial_3;3;32;0,0059;ReLU;MSE;1;Adam;3,6971;3,6971;270
T2-T4_T5/trial_30;3;256;0;tanh;Huber;0;RMSprop;11,342;11,342;4 000
T2-T4_T5/trial_31;2;256;0,0003;tanh;Huber;0;RMSprop;4,8453;4,8453;920
T2-T4_T5/trial_32;2;256;0,0006;tanh;Huber;0;RMSprop;5,5039;5,5039;380
T2-T4_T5/trial_33;1;256;0,0002;tanh;Huber;0;RMSprop;4,3005;4,3005;1 000
T2-T4_T5/trial_34;1;256;0;tanh;Huber;0;RMSprop;5,3162;5,3162;2 460
T2-T4_T5/trial_35;1;32;0,0002;tanh;Huber;0;RMSprop;8,1432;8,1432;4 000
T2-T4_T5/trial_36;1;256;0;ReLU;Huber;0;RMSprop;3,6699;3,6699;1 060
T2-T4_T5/trial_37;1;64;0;ReLU;Huber;0;RMSprop;3,466;3,466;4 446
T2-T4_T5/trial_38;1;64;0;ReLU;MSE;0;RMSprop;3,4758;3,4758;2 925
T2-T4_T5/trial_39;1;64;0;ReLU;Huber;0;RMSprop;3,4593;3,4593;2 847
T2-T4_T5/trial_4;2;256;0,0002;tanh;Huber;0;RMSprop;5,5464;5,5464;1 120
T2-T4_T5/trial_40;1;64;0;ReLU;Huber;0;RMSprop;3,4706;3,4706;3 666
T2-T4_T5/trial_41;1;64;0;ReLU;Huber;0;RMSprop;3,4983;3,4983;3 666
T2-T4_T5/trial_42;1;64;0;ReLU;Huber;0;RMSprop;3,4906;3,4906;3 081
T2-T4_T5/trial_43;1;64;0;ReLU;Huber;0;RMSprop;3,4367;3,4367;6 864
T2-T4_T5/trial_44;1;64;0;ReLU;Huber;0;RMSprop;3,4759;3,4759;5 733
T2-T4_T5/trial_45;1;64;0;ReLU;Huber;0;RMSprop;3,6935;3,6935;4 017
T2-T4_T5/trial_46;1;64;0;ReLU;Huber;0;RMSprop;3,4921;3,4921;7 800
T2-T4_T5/trial_47;1;64;0;ReLU;MSE;0;RMSprop;3,4461;3,4461;4 641
T2-T4_T5/trial_48;1;64;0;ReLU;Huber;0;Adam;3,4737;3,4737;5 304
T2-T4_T5/trial_49;1;64;0;ReLU;Huber;0;RMSprop;3,5321;3,5321;3 510
T2-T4_T5/trial_5;1;1 024;0;ReLU;MSE;1;RMSprop;3,4989;3,4989;490
T2-T4_T5/trial_6;3;64;0,0002;sigmoid;Huber;1;RMSprop;21,6077;21,6077;2 000
T2-T4_T5/trial_7;1;256;0;ReLU;Huber;1;Adagrad;9,8321;9,8321;2 000
T2-T4_T5/trial_8;3;32;0,0037;tanh;MAE;0;Adam;10,3648;10,3648;507
T2-T4_T5/trial_9;1;64;0;tanh;Huber;0;Adam;23,0837;23,0837;2 000
T3_T5/trial_0;1;128;0,0002;tanh;Huber;0;Adam;5,2555;5,2555;3 600
T3_T5/trial_1;2;32;0,0001;ReLU;Huber;1;RMSprop;4,9053;4,9053;4 320
T3_T5/trial_10;5;256;0,0005;ReLU;MAE;1;Adam;5,1956;5,1956;390
T3_T5/trial_11;1;32;0,0002;ReLU;Huber;1;RMSprop;5,0659;5,0659;3 600
T3_T5/trial_12;2;512;0,0004;ReLU;Huber;1;RMSprop;6,1847;6,1847;220
T3_T5/trial_13;2;512;0,0001;ReLU;Huber;1;RMSprop;5,3151;5,3151;500
T3_T5/trial_14;2;512;0;ReLU;Huber;1;Adam;4,9765;4,9765;1 600
T3_T5/trial_15;1;512;0;ReLU;Huber;1;Adam;5,0294;5,0294;2 420
T3_T5/trial_16;2;512;0;sigmoid;MAE;1;Adam;18,9653;18,9653;4 000
T3_T5/trial_17;4;256;0,0007;ReLU;Huber;1;Adam;5,258;5,258;390
T3_T5/trial_18;1;64;0,0002;ReLU;Huber;0;Adam;5,0735;5,0735;1 080
T3_T5/trial_19;2;512;0;sigmoid;MAE;1;Adam;18,5901;18,5901;2 000
T3_T5/trial_2;2;512;0,0001;ReLU;Huber;1;Adam;5,0436;5,0436;610
T3_T5/trial_20;5;512;0,0001;ReLU;Huber;1;Adam;5,2016;5,2016;820
T3_T5/trial_21;1;512;0;ReLU;Huber;1;Adam;5,0431;5,0431;2 960
T3_T5/trial_22;1;512;0;ReLU;Huber;1;Adam;5,0676;5,0676;2 560
T3_T5/trial_23;2;512;0;ReLU;Huber;1;Adam;5,1405;5,1405;2 180
T3_T5/trial_24;1;512;0,0001;ReLU;Huber;1;Adam;5,06;5,06;850
T3_T5/trial_25;2;512;0,0001;ReLU;Huber;1;Adam;5,0344;5,0344;510
T3_T5/trial_26;2;1 024;0,0001;ReLU;Huber;0;Adam;5,0476;5,0476;270
T3_T5/trial_27;3;1 024;0,0003;ReLU;Huber;0;Adam;5,1093;5,1093;170
T3_T5/trial_28;2;1 024;0,0001;sigmoid;MAE;0;Adam;5,8854;5,8854;1 180
T3_T5/trial_29;3;1 024;0,0003;tanh;MSE;0;Adagrad;6,514;6,514;2 000
T3_T5/trial_3;3;128;0;tanh;MSE;1;Adagrad;28,5144;28,5144;8 000
T3_T5/trial_30;2;256;0,0008;tanh;Huber;0;Adam;5,4763;5,4763;530
T3_T5/trial_31;3;1 024;0,0003;ReLU;Huber;0;Adam;5,094;5,094;230
T3_T5/trial_32;4;1 024;0,0001;ReLU;Huber;0;Adam;5,0249;5,0249;260
T3_T5/trial_33;3;1 024;0,0004;ReLU;Huber;0;Adam;4,8924;4,8924;180
T3_T5/trial_34;2;128;0,0002;ReLU;Huber;0;Adam;5,0594;5,0594;540
T3_T5/trial_35;3;64;0,0001;ReLU;MSE;0;RMSprop;4,9647;4,9647;880
T3_T5/trial_36;3;1 024;0,0001;ReLU;Huber;0;Adagrad;5,0383;5,0383;2 680
T3_T5/trial_37;2;32;0,0011;tanh;Huber;0;Adam;6,6442;6,6442;1 190
T3_T5/trial_38;4;1 024;0,0002;sigmoid;MSE;0;Adam;5,7428;5,7428;3 120
T3_T5/trial_39;3;128;0,008;ReLU;Huber;0;Adagrad;5,2841;5,2841;430
T3_T5/trial_4;3;64;0,0061;sigmoid;MSE;0;RMSprop;6,306;6,306;1 060
T3_T5/trial_40;2;64;0,0039;ReLU;Huber;0;Adam;4,8337;4,8337;480
T3_T5/trial_41;2;512;0,0001;ReLU;Huber;1;Adam;5,0669;5,0669;760
T3_T5/trial_42;2;1 024;0,0001;ReLU;Huber;1;Adam;4,9665;4,9665;550
T3_T5/trial_43;2;32;0,0001;ReLU;Huber;1;Adam;5,2266;5,2266;1 480
T3_T5/trial_44;2;512;0;ReLU;Huber;1;RMSprop;5,1747;5,1747;830
T3_T5/trial_45;1;128;0,0001;tanh;MSE;1;Adam;5,1218;5,1218;9 360
T3_T5/trial_46;2;512;0,0001;ReLU;Huber;1;Adam;5,1051;5,1051;580
T3_T5/trial_47;2;256;0,0001;ReLU;MAE;1;Adagrad;5,6592;5,6592;2 000
T3_T5/trial_48;1;1 024;0;ReLU;Huber;1;RMSprop;5,1389;5,1389;1 400
T3_T5/trial_49;2;512;0;sigmoid;Huber;1;Adam;20,3867;20,3867;2 000
T3_T5/trial_5;4;1 024;0,0017;ReLU;MSE;1;Adagrad;4,7872;4,7872;1 840
T3_T5/trial_6;3;32;0,0022;tanh;Huber;1;Adagrad;22,9416;22,9416;16 000
T3_T5/trial_7;2;128;0;sigmoid;MSE;0;Adam;7,9764;7,9764;8 000
T3_T5/trial_8;4;512;0,0001;tanh;MAE;0;Adam;5,469;5,469;1 750
T3_T5/trial_9;3;1 024;0;ReLU;Huber;1;Adagrad;5,6295;5,6295;8 000
T3-T4_T5/trial_0;5;1 024;0,0009;tanh;MSE;1;RMSprop;9,9983;9,9983;620
T3-T4_T5/trial_1;5;1 024;0,0002;tanh;MSE;1;RMSprop;10,816;10,816;2 000
T3-T4_T5/trial_10;4;128;0,006;ReLU;Huber;0;Adam;3,4812;3,4812;702
T3-T4_T5/trial_11;4;128;0,0094;ReLU;Huber;0;Adam;4,4972;4,4972;468
T3-T4_T5/trial_12;4;128;0,0089;ReLU;Huber;0;Adam;3,5132;3,5132;858
T3-T4_T5/trial_13;4;128;0,0069;ReLU;Huber;0;Adam;3,4879;3,4879;936
T3-T4_T5/trial_14;3;128;0,003;ReLU;Huber;0;Adam;4,2072;4,2072;624
T3-T4_T5/trial_15;3;128;0,0028;ReLU;Huber;0;Adam;3,6106;3,6106;624
T3-T4_T5/trial_16;4;32;0,0097;ReLU;Huber;0;Adam;3,8972;3,8972;468
T3-T4_T5/trial_17;3;256;0,0036;ReLU;Huber;0;Adam;3,8845;3,8845;390
T3-T4_T5/trial_18;4;512;0,0016;ReLU;Huber;0;Adagrad;3,6914;3,6914;858
T3-T4_T5/trial_19;5;128;0,0012;sigmoid;Huber;0;Adam;9,875;9,875;780
T3-T4_T5/trial_2;2;1 024;0,0016;ReLU;MAE;0;Adagrad;4,1772;4,1772;100
T3-T4_T5/trial_20;4;128;0,0045;ReLU;Huber;0;Adam;3,4529;3,4529;858
T3-T4_T5/trial_21;3;128;0,0026;ReLU;Huber;0;Adam;4,8067;4,8067;702
T3-T4_T5/trial_22;3;128;0,0064;ReLU;Huber;0;Adam;5,2966;5,2966;624
T3-T4_T5/trial_23;3;128;0,0025;ReLU;Huber;0;Adam;3,4022;3,4022;858
T3-T4_T5/trial_24;4;128;0,0096;ReLU;Huber;0;Adam;5,2839;5,2839;351
T3-T4_T5/trial_25;2;128;0,0007;ReLU;Huber;0;Adagrad;3,6973;3,6973;1 482
T3-T4_T5/trial_26;2;32;0,0006;ReLU;Huber;1;Adagrad;3,6827;3,6827;11 154
T3-T4_T5/trial_27;2;32;0,0006;ReLU;Huber;1;Adagrad;3,6725;3,6725;5 226
T3-T4_T5/trial_28;2;32;0,0002;sigmoid;MAE;1;Adagrad;29,0277;29,0277;15 600
T3-T4_T5/trial_29;2;32;0,0006;tanh;Huber;1;Adagrad;25,9878;25,9878;4 000
T3-T4_T5/trial_3;2;64;0;tanh;Huber;1;Adam;23,444;23,444;4 000
T3-T4_T5/trial_30;2;32;0,0001;tanh;MSE;1;Adagrad;27,8279;27,8279;7 800
T3-T4_T5/trial_31;2;32;0,0008;ReLU;Huber;1;Adagrad;3,6341;3,6341;3 042
T3-T4_T5/trial_32;1;32;0,0004;ReLU;Huber;1;Adagrad;3,6014;3,6014;8 424
T3-T4_T5/trial_33;1;32;0,0003;ReLU;Huber;1;Adagrad;3,5926;3,5926;14 196
T3-T4_T5/trial_34;1;32;0,0004;ReLU;Huber;1;Adagrad;3,8209;3,8209;3 640
T3-T4_T5/trial_35;1;32;0,0002;tanh;Huber;1;Adagrad;25,2378;25,2378;15 600
T3-T4_T5/trial_36;1;32;0,0001;ReLU;MSE;1;Adagrad;14,2381;14,2381;15 600
T3-T4_T5/trial_37;1;1 024;0;ReLU;Huber;1;Adagrad;14,2971;14,2971;4 000
T3-T4_T5/trial_38;1;32;0,0004;sigmoid;MSE;1;Adagrad;26,4403;26,4403;15 600
T3-T4_T5/trial_39;1;64;0,0012;ReLU;MAE;1;Adagrad;3,8101;3,8101;430
T3-T4_T5/trial_4;1;1 024;0;sigmoid;MSE;0;Adam;7,9537;7,9537;2 000
T3-T4_T5/trial_40;2;32;0,0002;tanh;Huber;1;Adagrad;27,173;27,173;7 800
T3-T4_T5/trial_41;2;256;0,0009;ReLU;Huber;1;Adagrad;3,5515;3,5515;1 170
T3-T4_T5/trial_42;2;256;0,001;ReLU;Huber;1;Adagrad;3,7792;3,7792;702
T3-T4_T5/trial_43;1;256;0,0017;ReLU;Huber;1;Adagrad;3,4153;3,4153;1 482
T3-T4_T5/trial_44;1;256;0,0016;ReLU;MAE;1;Adagrad;3,7286;3,7286;780
T3-T4_T5/trial_45;1;256;0,0017;ReLU;Huber;1;RMSprop;5,1424;5,1424;70
T3-T4_T5/trial_46;1;256;0,0005;sigmoid;Huber;1;Adagrad;12,1385;12,1385;15 600
T3-T4_T5/trial_47;1;256;0,0001;ReLU;MSE;1;Adagrad;3,6383;3,6383;15 600
T3-T4_T5/trial_48;1;512;0,0003;ReLU;Huber;1;RMSprop;3,6729;3,6729;180
T3-T4_T5/trial_49;2;1 024;0,0008;ReLU;Huber;1;Adagrad;3,3917;3,3917;1 092
T3-T4_T5/trial_5;1;256;0,0004;sigmoid;MSE;0;RMSprop;4,49;4,49;1 677
T3-T4_T5/trial_6;1;512;0,0005;ReLU;MSE;0;Adagrad;3,6417;3,6417;540
T3-T4_T5/trial_7;2;64;0;sigmoid;MAE;1;RMSprop;27,1594;27,1594;2 000
T3-T4_T5/trial_8;4;128;0;ReLU;MAE;0;RMSprop;3,7572;3,7572;430
T3-T4_T5/trial_9;5;32;0,0002;tanh;MAE;1;RMSprop;27,1882;27,1882;2 000
T4_T5/trial_0;3;64;0;sigmoid;MAE;1;Adagrad;28,9244;28,9244;15 800
T4_T5/trial_1;1;64;0,0019;sigmoid;MSE;1;Adagrad;12,8122;12,8122;15 800
T4_T5/trial_10;3;128;0,0007;ReLU;Huber;1;Adam;3,505;3,505;320
T4_T5/trial_11;3;128;0,0009;ReLU;Huber;1;Adam;3,4458;3,4458;170
T4_T5/trial_12;2;128;0,0008;ReLU;Huber;1;Adam;3,4816;3,4816;300
T4_T5/trial_13;2;128;0;ReLU;Huber;1;Adam;3,8342;3,8342;2 000
T4_T5/trial_14;4;128;0,0001;ReLU;Huber;1;Adam;3,5364;3,5364;1 760
T4_T5/trial_15;4;128;0,0005;ReLU;Huber;1;Adam;3,5318;3,5318;540
T4_T5/trial_16;4;32;0,0004;ReLU;MSE;1;Adam;27,7857;27,7857;4 000
T4_T5/trial_17;4;1 024;0;tanh;Huber;1;Adam;15,3088;15,3088;2 000
T4_T5/trial_18;1;256;0,0004;ReLU;Huber;1;Adam;3,6131;3,6131;620
T4_T5/trial_19;3;128;0,0001;ReLU;MSE;1;RMSprop;3,3829;3,3829;800
T4_T5/trial_2;3;128;0,0001;ReLU;Huber;1;Adam;3,4552;3,4552;1 060
T4_T5/trial_20;4;128;0,0021;tanh;Huber;1;Adam;9,4891;9,4891;1 760
T4_T5/trial_21;3;128;0,0009;ReLU;Huber;1;Adam;3,5207;3,5207;270
T4_T5/trial_22;2;128;0,0006;ReLU;Huber;1;Adam;3,525;3,525;360
T4_T5/trial_23;3;128;0,0002;ReLU;Huber;1;Adam;3,4398;3,4398;450
T4_T5/trial_24;4;128;0,0002;ReLU;Huber;1;Adam;3,4366;3,4366;730
T4_T5/trial_25;3;128;0,0002;ReLU;Huber;1;Adam;3,463;3,463;610
T4_T5/trial_26;2;32;0,0001;ReLU;Huber;1;Adam;3,4739;3,4739;1 340
T4_T5/trial_27;4;512;0;ReLU;Huber;1;Adam;3,5011;3,5011;2 280
T4_T5/trial_28;3;512;0;tanh;MAE;1;RMSprop;4,6371;4,6371;8 000
T4_T5/trial_29;3;512;0;ReLU;MSE;1;Adagrad;14,2124;14,2124;8 000
T4_T5/trial_3;5;64;0,0001;tanh;MAE;0;Adagrad;26,4093;26,4093;8 000
T4_T5/trial_30;4;512;0;sigmoid;MAE;1;Adagrad;29,1197;29,1197;8 000
T4_T5/trial_31;4;1 024;0,0001;ReLU;Huber;1;Adam;3,4611;3,4611;1 520
T4_T5/trial_32;3;1 024;0;ReLU;Huber;1;Adam;3,539;3,539;1 080
T4_T5/trial_33;4;1 024;0;ReLU;Huber;1;Adam;3,396;3,396;1 960
T4_T5/trial_34;4;1 024;0;ReLU;Huber;1;Adam;3,4292;3,4292;1 600
T4_T5/trial_35;5;1 024;0;ReLU;Huber;1;Adagrad;3,8282;3,8282;8 000
T4_T5/trial_36;4;1 024;0,0001;sigmoid;MSE;1;Adam;9,4712;9,4712;8 000
T4_T5/trial_37;5;1 024;0;tanh;Huber;1;Adam;17,6688;17,6688;8 000
T4_T5/trial_38;4;1 024;0;ReLU;MAE;0;Adagrad;3,5111;3,5111;5 160
T4_T5/trial_39;5;1 024;0,0001;ReLU;Huber;1;Adam;3,4794;3,4794;1 400
T4_T5/trial_4;5;512;0,0002;tanh;MSE;0;Adagrad;10,5296;10,5296;4 000
T4_T5/trial_40;5;1 024;0,0002;sigmoid;Huber;0;RMSprop;3,5589;3,5589;3 239
T4_T5/trial_41;5;1 024;0,0001;ReLU;Huber;1;Adam;3,42;3,42;1 840
T4_T5/trial_42;5;1 024;0,0001;ReLU;Huber;1;Adam;3,6377;3,6377;1 040
T4_T5/trial_43;5;1 024;0,0001;ReLU;Huber;1;Adam;3,387;3,387;1 080
T4_T5/trial_44;5;64;0;ReLU;Huber;1;Adam;28,5727;28,5727;8 000
T4_T5/trial_45;5;1 024;0,0001;ReLU;Huber;0;Adam;4,1891;4,1891;880
T4_T5/trial_46;5;1 024;0,0001;ReLU;Huber;1;Adam;3,4738;3,4738;1 320
T4_T5/trial_47;5;256;0,0001;ReLU;MAE;1;Adam;3,3933;3,3933;1 501
T4_T5/trial_48;5;1 024;0;sigmoid;MSE;0;RMSprop;3,9709;3,9709;6 480
T4_T5/trial_49;5;1 024;0,0001;tanh;Huber;1;Adam;9,4886;9,4886;8 000
T4_T5/trial_5;5;256;0,0002;sigmoid;Huber;0;Adam;9,4822;9,4822;2 080
T4_T5/trial_6;4;1 024;0,0097;sigmoid;MAE;0;RMSprop;9,9828;9,9828;869
T4_T5/trial_7;5;64;0,0077;ReLU;Huber;0;RMSprop;4,5727;4,5727;160
T4_T5/trial_8;2;512;0,0001;ReLU;Huber;0;Adam;3,3842;3,3842;920
T4_T5/trial_9;5;32;0,0038;sigmoid;MAE;0;RMSprop;5,1275;5,1275;3 397
T1-T2-T3-T4_T5/trial_0;3;32;0,0004;ReLU;MSE;0;RMSprop;3,0808;3,0808;1 092
T1-T2-T3-T4_T5/trial_1;1;32;0;sigmoid;MSE;1;Adagrad;28,429;28,429;7 800
T1-T2-T3-T4_T5/trial_10;5;256;0,0005;ReLU;Huber;1;RMSprop;6,1805;6,1805;693
T1-T2-T3-T4_T5/trial_11;5;256;0,0004;ReLU;Huber;1;RMSprop;5,5312;5,5312;693
T1-T2-T3-T4_T5/trial_12;4;256;0,0001;ReLU;Huber;1;RMSprop;3,4679;3,4679;1 925
T1-T2-T3-T4_T5/trial_13;4;256;0,0001;ReLU;Huber;1;RMSprop;3,6135;3,6135;1 078
T1-T2-T3-T4_T5/trial_14;4;256;0,0001;ReLU;Huber;1;RMSprop;3,1342;3,1342;1 232
T1-T2-T3-T4_T5/trial_15;3;256;0,0001;ReLU;Huber;1;RMSprop;3,4995;3,4995;1 001
T1-T2-T3-T4_T5/trial_16;2;256;0;ReLU;Huber;1;RMSprop;3,5169;3,5169;924
T1-T2-T3-T4_T5/trial_17;2;64;0;ReLU;Huber;1;Adam;3,1829;3,1829;2 926
T1-T2-T3-T4_T5/trial_18;2;64;0;sigmoid;MAE;0;Adam;4,732;4,732;15 400
T1-T2-T3-T4_T5/trial_19;3;64;0,001;ReLU;Huber;1;Adam;3,2266;3,2266;1 001
T1-T2-T3-T4_T5/trial_2;2;128;0;tanh;Huber;0;RMSprop;19,7759;19,7759;2 000
T1-T2-T3-T4_T5/trial_20;2;1 024;0,0002;ReLU;Huber;1;Adam;3,0986;3,0986;616
T1-T2-T3-T4_T5/trial_21;2;1 024;0,0002;ReLU;Huber;1;Adam;3,0639;3,0639;924
T1-T2-T3-T4_T5/trial_22;2;1 024;0,0002;ReLU;Huber;1;Adam;3,65;3,65;1 001
T1-T2-T3-T4_T5/trial_23;3;64;0;ReLU;Huber;1;Adam;3,1396;3,1396;3 696
T1-T2-T3-T4_T5/trial_24;3;1 024;0;ReLU;Huber;1;Adam;3,0621;3,0621;2 464
T1-T2-T3-T4_T5/trial_25;3;1 024;0;sigmoid;MAE;1;Adam;6,2707;6,2707;15 400
T1-T2-T3-T4_T5/trial_26;3;1 024;0;ReLU;Huber;0;Adam;3,0911;3,0911;1 078
T1-T2-T3-T4_T5/trial_27;3;1 024;0;ReLU;Huber;0;Adam;3,282;3,282;310
T1-T2-T3-T4_T5/trial_28;3;1 024;0;ReLU;Huber;0;Adam;3,2441;3,2441;440
T1-T2-T3-T4_T5/trial_29;3;64;0;ReLU;MAE;0;Adam;3,3816;3,3816;4 056
T1-T2-T3-T4_T5/trial_3;3;64;0,0068;tanh;MAE;1;Adagrad;15,6379;15,6379;4 000
T1-T2-T3-T4_T5/trial_30;3;1 024;0;sigmoid;Huber;0;Adam;3,2952;3,2952;15 400
T1-T2-T3-T4_T5/trial_31;2;1 024;0;ReLU;Huber;0;Adam;3,0075;3,0075;924
T1-T2-T3-T4_T5/trial_32;1;1 024;0,0001;ReLU;Huber;0;Adam;3,0343;3,0343;1 617
T1-T2-T3-T4_T5/trial_33;3;32;0;ReLU;Huber;0;Adam;3,2522;3,2522;5 467
T1-T2-T3-T4_T5/trial_34;2;128;0;ReLU;Huber;0;Adam;3,1536;3,1536;2 772
T1-T2-T3-T4_T5/trial_35;2;1 024;0,0001;ReLU;Huber;0;Adam;3,1214;3,1214;702
T1-T2-T3-T4_T5/trial_36;3;64;0;ReLU;MSE;0;Adam;3,2815;3,2815;2 000
T1-T2-T3-T4_T5/trial_37;1;128;0;tanh;MAE;0;Adam;17,4062;17,4062;4 000
T1-T2-T3-T4_T5/trial_38;3;1 024;0,0001;sigmoid;Huber;0;Adam;9,5698;9,5698;1 309
T1-T2-T3-T4_T5/trial_39;4;32;0;tanh;MSE;0;Adagrad;28,9082;28,9082;7 800
T1-T2-T3-T4_T5/trial_4;5;128;0,0059;tanh;MAE;0;Adam;9,6688;9,6688;273
T1-T2-T3-T4_T5/trial_40;2;512;0,0002;ReLU;Huber;0;Adam;3,2788;3,2788;250
T1-T2-T3-T4_T5/trial_41;1;1 024;0,0001;ReLU;Huber;0;Adam;3,1103;3,1103;924
T1-T2-T3-T4_T5/trial_42;1;1 024;0;ReLU;Huber;0;Adam;3,0872;3,0872;2 002
T1-T2-T3-T4_T5/trial_43;1;1 024;0;ReLU;Huber;0;Adam;3,0828;3,0828;1 232
T1-T2-T3-T4_T5/trial_44;1;1 024;0,0006;ReLU;Huber;0;Adagrad;3,0558;3,0558;1 694
T1-T2-T3-T4_T5/trial_45;3;1 024;0,0008;tanh;MSE;0;Adagrad;3,719;3,719;1 160
T1-T2-T3-T4_T5/trial_46;2;64;0,0006;ReLU;Huber;1;Adagrad;3,2255;3,2255;4 697
T1-T2-T3-T4_T5/trial_47;4;128;0,0011;ReLU;Huber;0;Adagrad;3,1677;3,1677;1 694
T1-T2-T3-T4_T5/trial_48;4;128;0,0049;ReLU;Huber;1;Adagrad;3,0842;3,0842;1 848
T1-T2-T3-T4_T5/trial_49;4;128;0,0016;ReLU;MAE;1;Adagrad;3,2799;3,2799;1 053
T1-T2-T3-T4_T5/trial_5;1;512;0,0021;tanh;MSE;1;Adagrad;3,7843;3,7843;920
T1-T2-T3-T4_T5/trial_6;1;512;0,0001;tanh;MSE;0;Adagrad;15,2483;15,2483;4 000
T1-T2-T3-T4_T5/trial_7;4;32;0;sigmoid;MSE;1;Adam;28,619;28,619;7 800
T1-T2-T3-T4_T5/trial_8;4;1 024;0,0023;tanh;MSE;1;Adagrad;10,1836;10,1836;2 000
T1-T2-T3-T4_T5/trial_9;4;512;0,0031;ReLU;Huber;1;Adagrad;5,1746;5,1746;480
T1-T2-T4_T5/trial_0;4;128;0;sigmoid;Huber;0;Adagrad;28,583;28,583;15 600
T1-T2-T4_T5/trial_1;4;512;0;sigmoid;Huber;1;Adagrad;28,4197;28,4197;15 600
T1-T2-T4_T5/trial_10;1;1 024;0,0011;ReLU;Huber;0;Adam;3,8824;3,8824;260
T1-T2-T4_T5/trial_11;1;1 024;0,0012;ReLU;Huber;0;Adam;4,2529;4,2529;440
T1-T2-T4_T5/trial_12;1;1 024;0,0009;ReLU;Huber;0;Adam;3,5152;3,5152;400
T1-T2-T4_T5/trial_13;2;32;0,0092;ReLU;Huber;0;Adam;3,4702;3,4702;240
T1-T2-T4_T5/trial_14;2;32;0,0088;ReLU;Huber;0;Adam;4,0944;4,0944;300
T1-T2-T4_T5/trial_15;1;32;0,0007;ReLU;MSE;0;Adam;3,3572;3,3572;1 220
T1-T2-T4_T5/trial_16;2;32;0,0005;ReLU;Huber;0;Adam;3,4657;3,4657;1 240
T1-T2-T4_T5/trial_17;1;1 024;0,0004;ReLU;Huber;0;Adam;3,4703;3,4703;540
T1-T2-T4_T5/trial_18;2;32;0,0004;ReLU;MSE;1;RMSprop;3,6901;3,6901;500
T1-T2-T4_T5/trial_19;1;1 024;0,0001;ReLU;MAE;0;Adam;3,5502;3,5502;690
T1-T2-T4_T5/trial_2;4;64;0;tanh;MSE;1;RMSprop;26,6094;26,6094;7 800
T1-T2-T4_T5/trial_20;3;32;0,0003;ReLU;Huber;0;Adam;3,262;3,262;2 574
T1-T2-T4_T5/trial_21;3;32;0,0004;ReLU;Huber;0;Adam;3,4145;3,4145;2 964
T1-T2-T4_T5/trial_22;2;32;0,002;ReLU;Huber;0;Adam;4,2485;4,2485;1 404
T1-T2-T4_T5/trial_23;3;32;0,0005;ReLU;Huber;0;Adam;3,2964;3,2964;1 716
T1-T2-T4_T5/trial_24;3;32;0,0003;ReLU;Huber;0;Adam;3,4716;3,4716;3 198
T1-T2-T4_T5/trial_25;2;128;0,0016;ReLU;Huber;0;RMSprop;4,5722;4,5722;380
T1-T2-T4_T5/trial_26;1;256;0,0001;ReLU;Huber;1;Adam;3,5481;3,5481;1 400
T1-T2-T4_T5/trial_27;3;512;0,0006;ReLU;Huber;0;Adam;4,1322;4,1322;780
T1-T2-T4_T5/trial_28;4;1 024;0,0002;ReLU;MAE;0;Adam;3,5481;3,5481;170
T1-T2-T4_T5/trial_29;2;32;0,0001;ReLU;MSE;0;RMSprop;3,2549;3,2549;3 432
T1-T2-T4_T5/trial_3;3;128;0,0051;tanh;Huber;0;Adam;10,3475;10,3475;234
T1-T2-T4_T5/trial_30;1;128;0;sigmoid;Huber;0;Adam;24,8112;24,8112;4 000
T1-T2-T4_T5/trial_31;1;1 024;0,0008;ReLU;Huber;0;Adam;3,4391;3,4391;380
T1-T2-T4_T5/trial_32;1;1 024;0,0004;ReLU;Huber;0;Adam;3,6012;3,6012;640
T1-T2-T4_T5/trial_33;1;1 024;0,0007;ReLU;Huber;0;Adam;3,4287;3,4287;320
T1-T2-T4_T5/trial_34;4;1 024;0,0017;ReLU;Huber;1;Adam;3,9437;3,9437;1 248
T1-T2-T4_T5/trial_35;2;512;0,0002;tanh;Huber;0;Adam;3,8131;3,8131;740
T1-T2-T4_T5/trial_36;3;64;0,0011;sigmoid;Huber;0;Adagrad;22,1676;22,1676;4 000
T1-T2-T4_T5/trial_37;1;128;0,0002;ReLU;Huber;1;Adam;3,4059;3,4059;1 989
T1-T2-T4_T5/trial_38;4;128;0,0002;sigmoid;MSE;1;Adagrad;28,3968;28,3968;7 800
T1-T2-T4_T5/trial_39;2;128;0,0001;tanh;MAE;1;RMSprop;5,7274;5,7274;4 719
T1-T2-T4_T5/trial_4;3;1 024;0,0039;sigmoid;Huber;0;Adagrad;3,7512;3,7512;1 482
T1-T2-T4_T5/trial_40;3;128;0,0045;ReLU;Huber;1;Adam;3,4563;3,4563;663
T1-T2-T4_T5/trial_41;1;128;0,0003;ReLU;Huber;1;Adam;3,3543;3,3543;1 170
T1-T2-T4_T5/trial_42;1;64;0,0002;ReLU;Huber;1;Adam;3,3391;3,3391;1 677
T1-T2-T4_T5/trial_43;1;64;0;ReLU;Huber;1;Adam;3,4467;3,4467;5 109
T1-T2-T4_T5/trial_44;1;64;0,0002;ReLU;Huber;1;Adagrad;4,2855;4,2855;7 800
T1-T2-T4_T5/trial_45;2;64;0,0001;tanh;Huber;1;Adam;6,0484;6,0484;7 800
T1-T2-T4_T5/trial_46;1;256;0,0009;ReLU;Huber;1;Adam;3,3593;3,3593;819
T1-T2-T4_T5/trial_47;2;256;0;sigmoid;MAE;1;Adam;7,4365;7,4365;7 800
T1-T2-T4_T5/trial_48;1;256;0,0005;ReLU;Huber;1;Adam;3,3629;3,3629;858
T1-T2-T4_T5/trial_49;5;256;0,0028;ReLU;MSE;1;Adagrad;3,3002;3,3002;1 716
T1-T2-T4_T5/trial_5;5;64;0,0002;sigmoid;MAE;1;Adagrad;28,6827;28,6827;7 800
T1-T2-T4_T5/trial_6;5;512;0,0001;tanh;MAE;1;Adagrad;25,9495;25,9495;7 800
T1-T2-T4_T5/trial_7;5;64;0,0028;sigmoid;Huber;0;Adagrad;13,6085;13,6085;4 000
T1-T2-T4_T5/trial_8;2;256;0,0001;tanh;MSE;0;Adam;4,5803;4,5803;1 750
T1-T2-T4_T5/trial_9;2;256;0,0001;tanh;MAE;0;RMSprop;4,7415;4,7415;1 050
T1-T3_T5/trial_0;4;256;0,003;ReLU;MSE;0;Adam;4,6856;4,6856;310
T1-T3_T5/trial_1;2;64;0,0001;ReLU;Huber;0;Adagrad;10,8415;10,8415;8 000
T1-T3_T5/trial_10;3;512;0,0006;tanh;Huber;1;Adagrad;9,4714;9,4714;16 000
T1-T3_T5/trial_11;4;128;0,0012;sigmoid;MAE;1;RMSprop;9,6559;9,6559;1 920
T1-T3_T5/trial_12;5;1 024;0,0017;tanh;Huber;0;RMSprop;9,6433;9,6433;640
T1-T3_T5/trial_13;4;64;0,0085;tanh;MAE;1;RMSprop;9,7665;9,7665;430
T1-T3_T5/trial_14;3;512;0,0001;sigmoid;Huber;0;Adagrad;20,2014;20,2014;4 000
T1-T3_T5/trial_15;2;128;0,0015;ReLU;MAE;1;Adagrad;4,8384;4,8384;4 160
T1-T3_T5/trial_16;2;128;0,0007;tanh;MAE;1;Adagrad;15,4039;15,4039;16 000
T1-T3_T5/trial_17;1;128;0,0098;tanh;Huber;1;Adagrad;5,1613;5,1613;1 840
T1-T3_T5/trial_18;2;32;0,0002;ReLU;Huber;1;Adagrad;6,8636;6,8636;16 000
T1-T3_T5/trial_19;3;1 024;0,001;sigmoid;MAE;1;Adagrad;9,6422;9,6422;16 000
T1-T3_T5/trial_2;3;64;0,0043;sigmoid;MSE;1;RMSprop;9,7347;9,7347;660
T1-T3_T5/trial_20;1;128;0,0004;tanh;Huber;1;Adagrad;14,0993;14,0993;16 000
T1-T3_T5/trial_21;1;128;0,0031;tanh;Huber;1;Adagrad;4,9357;4,9357;6 400
T1-T3_T5/trial_22;1;128;0,0032;tanh;Huber;1;Adagrad;5,0645;5,0645;5 120
T1-T3_T5/trial_23;1;128;0,0037;tanh;Huber;1;Adagrad;5,1538;5,1538;4 640
T1-T3_T5/trial_24;1;128;0,0026;tanh;Huber;1;Adagrad;6,8948;6,8948;2 000
T1-T3_T5/trial_25;1;1 024;0,0056;tanh;Huber;1;Adam;9,6426;9,6426;1 520
T1-T3_T5/trial_26;2;128;0,0094;tanh;Huber;1;Adagrad;5,2259;5,2259;2 240
T1-T3_T5/trial_27;1;32;0,0028;tanh;Huber;1;Adagrad;9,6745;9,6745;16 000
T1-T3_T5/trial_28;2;512;0,0006;tanh;Huber;1;Adagrad;5,286;5,286;16 000
T1-T3_T5/trial_29;1;256;0,0036;tanh;MSE;1;Adam;9,7513;9,7513;120
T1-T3_T5/trial_3;1;1 024;0,0068;ReLU;MSE;0;Adam;5,0479;5,0479;240
T1-T3_T5/trial_30;1;1 024;0,0024;tanh;Huber;1;Adagrad;4,8474;4,8474;270
T1-T3_T5/trial_31;1;1 024;0,002;tanh;Huber;1;Adagrad;5,4868;5,4868;280
T1-T3_T5/trial_32;2;1 024;0,0057;tanh;Huber;1;Adagrad;5,4164;5,4164;300
T1-T3_T5/trial_33;1;1 024;0,0035;tanh;Huber;1;Adagrad;4,8877;4,8877;450
T1-T3_T5/trial_34;2;1 024;0,0064;sigmoid;Huber;1;Adagrad;5,7447;5,7447;370
T1-T3_T5/trial_35;1;1 024;0,0043;tanh;MSE;1;Adam;5,826;5,826;690
T1-T3_T5/trial_36;1;1 024;0,0011;tanh;Huber;1;Adagrad;5,2049;5,2049;630
T1-T3_T5/trial_37;2;1 024;0,0011;tanh;MSE;0;Adagrad;5,1559;5,1559;800
T1-T3_T5/trial_38;1;1 024;0,0009;tanh;Huber;1;Adam;5,1139;5,1139;360
T1-T3_T5/trial_39;1;1 024;0,0005;sigmoid;Huber;1;Adam;5,24;5,24;490
T1-T3_T5/trial_4;1;256;0,0049;ReLU;MSE;0;RMSprop;4,8285;4,8285;560
T1-T3_T5/trial_40;1;1 024;0,0002;sigmoid;MSE;0;Adam;5,0037;5,0037;940
T1-T3_T5/trial_41;1;1 024;0,0004;sigmoid;Huber;1;Adam;5,1394;5,1394;420
T1-T3_T5/trial_42;1;1 024;0,0004;sigmoid;Huber;1;Adam;4,9659;4,9659;510
T1-T3_T5/trial_43;1;1 024;0,0002;sigmoid;Huber;1;Adam;5,0325;5,0325;890
T1-T3_T5/trial_44;1;1 024;0,0001;sigmoid;Huber;1;Adam;4,9568;4,9568;1 720
T1-T3_T5/trial_45;1;256;0,0002;sigmoid;Huber;1;Adam;5,2799;5,2799;1 550
T1-T3_T5/trial_46;5;64;0,0001;sigmoid;Huber;1;Adam;28,1656;28,1656;2 000
T1-T3_T5/trial_47;2;1 024;0,0004;sigmoid;Huber;0;Adam;9,804;9,804;160
T1-T3_T5/trial_48;1;1 024;0;sigmoid;Huber;1;Adam;4,7485;4,7485;4 040
T1-T3_T5/trial_49;1;1 024;0;sigmoid;Huber;1;Adam;4,7659;4,7659;5 320
T1-T3_T5/trial_5;5;256;0;tanh;MAE;1;Adam;25,6572;25,6572;8 000
T1-T3_T5/trial_6;2;1 024;0,0091;tanh;Huber;1;Adagrad;4,9014;4,9014;1 840
T1-T3_T5/trial_7;2;1 024;0,0003;tanh;MAE;1;Adagrad;5,4141;5,4141;8 000
T1-T3_T5/trial_8;4;64;0,0022;ReLU;MAE;0;RMSprop;5,2151;5,2151;420
T1-T3_T5/trial_9;2;32;0;ReLU;Huber;0;Adagrad;25,0839;25,0839;4 000
T2_T4/trial_0;4;512;0;tanh;MAE;1;RMSprop;14,0001;14,0001;5 600
T2_T4/trial_1;1;128;0,0005;tanh;MSE;1;RMSprop;5,2919;5,2919;1 106
T2_T4/trial_10;2;256;0,0001;ReLU;MAE;0;RMSprop;4,8292;4,8292;1 595
T2_T4/trial_11;3;64;0,0001;ReLU;MAE;0;Adam;4,7723;4,7723;3 052
T2_T4/trial_12;3;256;0;ReLU;MAE;0;Adam;4,7326;4,7326;4 687
T2_T4/trial_13;2;512;0,0002;ReLU;MAE;0;Adam;4,5578;4,5578;2 180
T2_T4/trial_14;2;64;0,0009;ReLU;MAE;0;RMSprop;5,9574;5,9574;420
T2_T4/trial_15;2;32;0,0002;sigmoid;MAE;0;Adam;5,9087;5,9087;11 227
T2_T4/trial_16;1;128;0,0012;ReLU;MAE;0;RMSprop;4,9176;4,9176;1 308
T2_T4/trial_17;2;256;0,0003;ReLU;MAE;0;Adam;4,7844;4,7844;1 090
T2_T4/trial_18;3;512;0,0001;tanh;Huber;0;RMSprop;6,4922;6,4922;1 064
T2_T4/trial_19;3;256;0,0002;sigmoid;MSE;0;Adam;8,7986;8,7986;1 595
T2_T4/trial_2;5;1 024;0,0004;ReLU;MSE;1;Adagrad;4,6437;4,6437;4 290
T2_T4/trial_20;4;512;0,0008;ReLU;MAE;0;RMSprop;4,6326;4,6326;2 289
T2_T4/trial_21;3;512;0;ReLU;MAE;1;Adam;4,6156;4,6156;3 379
T2_T4/trial_22;3;512;0,0001;ReLU;MAE;1;Adam;4,5407;4,5407;2 725
T2_T4/trial_23;3;512;0,0001;ReLU;MAE;1;Adam;4,6093;4,6093;2 071
T2_T4/trial_24;4;512;0,0001;ReLU;MAE;1;Adam;4,8608;4,8608;2 725
T2_T4/trial_25;3;128;0;ReLU;MAE;1;Adam;4,5817;4,5817;5 123
T2_T4/trial_26;3;64;0;ReLU;MAE;1;RMSprop;4,7968;4,7968;8 175
T2_T4/trial_27;4;32;0;ReLU;MAE;1;Adam;31,194;31,194;11 000
T2_T4/trial_28;3;256;0,0001;tanh;Huber;1;Adam;5,549;5,549;5 600
T2_T4/trial_29;5;512;0;sigmoid;MSE;1;RMSprop;25,1431;25,1431;5 600
T2_T4/trial_3;3;256;0,0001;ReLU;MAE;0;RMSprop;4,5672;4,5672;3 270
T2_T4/trial_30;4;512;0;tanh;MAE;1;RMSprop;8,7091;8,7091;12 753
T2_T4/trial_31;2;512;0,0001;ReLU;MAE;0;Adam;4,5584;4,5584;1 308
T2_T4/trial_32;2;512;0,0091;ReLU;MAE;0;Adam;4,9083;4,9083;1 090
T2_T4/trial_33;1;512;0,0001;ReLU;MAE;1;Adam;4,7772;4,7772;2 071
T2_T4/trial_34;3;128;0,0004;ReLU;MSE;0;Adam;4,6611;4,6611;518
T2_T4/trial_35;2;1 024;0,0003;tanh;MAE;1;Adagrad;5,2112;5,2112;21 800
T2_T4/trial_36;3;512;0,0006;ReLU;Huber;1;Adam;4,8106;4,8106;1 417
T2_T4/trial_37;3;256;0,0007;ReLU;Huber;1;Adagrad;4,7691;4,7691;2 420
T2_T4/trial_38;4;256;0,0007;sigmoid;Huber;1;Adagrad;27,8694;27,8694;11 000
T2_T4/trial_39;3;256;0,0023;ReLU;Huber;1;Adagrad;4,7391;4,7391;1 430
T2_T4/trial_4;4;256;0;tanh;Huber;0;Adagrad;28,8464;28,8464;2 800
T2_T4/trial_40;4;256;0,0019;ReLU;Huber;1;Adagrad;4,7344;4,7344;1 870
T2_T4/trial_41;5;256;0,0014;ReLU;Huber;1;Adagrad;4,8203;4,8203;1 925
T2_T4/trial_42;5;256;0,0022;ReLU;Huber;1;Adagrad;4,7071;4,7071;1 430
T2_T4/trial_43;5;256;0,0022;ReLU;Huber;1;Adagrad;4,7935;4,7935;1 375
T2_T4/trial_44;5;256;0,0025;ReLU;Huber;1;Adagrad;4,8285;4,8285;990
T2_T4/trial_45;5;256;0,0039;ReLU;Huber;1;Adagrad;4,8553;4,8553;1 485
T2_T4/trial_46;5;256;0,0017;ReLU;Huber;1;Adagrad;4,6458;4,6458;1 650
T2_T4/trial_47;5;256;0,0048;ReLU;Huber;1;Adagrad;4,6335;4,6335;1 320
T2_T4/trial_48;4;256;0,003;tanh;Huber;1;Adagrad;11,4523;11,4523;11 000
T2_T4/trial_49;5;256;0,0016;ReLU;Huber;1;Adagrad;4,772;4,772;1 870
T2_T4/trial_5;4;1 024;0,0043;sigmoid;Huber;1;Adagrad;8,7158;8,7158;3 488
T2_T4/trial_6;1;1 024;0;sigmoid;Huber;0;Adagrad;29,0667;29,0667;2 800
T2_T4/trial_7;3;512;0;ReLU;MAE;1;Adam;4,5505;4,5505;4 905
T2_T4/trial_8;5;512;0,0022;ReLU;MSE;1;Adam;4,7321;4,7321;1 090
T2_T4/trial_9;2;32;0,0001;ReLU;MAE;1;Adagrad;20,6871;20,6871;2 800
T1-T3-T4_T5/trial_0;5;64;0,0042;ReLU;Huber;1;Adam;15,0253;15,0253;4 000
T1-T3-T4_T5/trial_1;3;512;0,0013;ReLU;MSE;1;Adagrad;3,5748;3,5748;250
T1-T3-T4_T5/trial_10;1;128;0,0001;sigmoid;MAE;1;RMSprop;3,8546;3,8546;5 850
T1-T3-T4_T5/trial_11;1;128;0,0001;sigmoid;MAE;1;RMSprop;3,9382;3,9382;6 318
T1-T3-T4_T5/trial_12;1;128;0,0002;sigmoid;MAE;1;RMSprop;4,419;4,419;4 134
T1-T3-T4_T5/trial_13;2;256;0,0004;sigmoid;MAE;1;RMSprop;4,5532;4,5532;2 262
T1-T3-T4_T5/trial_14;1;128;0,0001;sigmoid;MAE;1;RMSprop;3,9472;3,9472;9 594
T1-T3-T4_T5/trial_15;2;128;0;sigmoid;MAE;1;RMSprop;4,7091;4,7091;15 600
T1-T3-T4_T5/trial_16;1;256;0;tanh;MAE;1;RMSprop;3,7764;3,7764;13 884
T1-T3-T4_T5/trial_17;2;256;0;tanh;MAE;1;RMSprop;6,1076;6,1076;15 600
T1-T3-T4_T5/trial_18;1;256;0;tanh;Huber;1;RMSprop;12,4654;12,4654;4 000
T1-T3-T4_T5/trial_19;4;1 024;0;tanh;MSE;1;Adagrad;23,5841;23,5841;15 600
T1-T3-T4_T5/trial_2;5;512;0,0027;ReLU;MAE;0;RMSprop;8,5457;8,5457;150
T1-T3-T4_T5/trial_20;2;256;0,0002;tanh;MAE;1;RMSprop;4,2807;4,2807;3 198
T1-T3-T4_T5/trial_21;1;128;0,0001;sigmoid;MAE;1;RMSprop;4,0161;4,0161;10 374
T1-T3-T4_T5/trial_22;1;128;0;sigmoid;MAE;1;RMSprop;3,8268;3,8268;13 884
T1-T3-T4_T5/trial_23;1;256;0,0096;tanh;MAE;1;RMSprop;11,7114;11,7114;936
T1-T3-T4_T5/trial_24;2;128;0;sigmoid;MAE;1;RMSprop;11,3928;11,3928;15 600
T1-T3-T4_T5/trial_25;1;32;0,0001;tanh;MAE;1;RMSprop;4,6075;4,6075;14 118
T1-T3-T4_T5/trial_26;2;1 024;0,0008;sigmoid;MAE;1;RMSprop;4,2239;4,2239;350
T1-T3-T4_T5/trial_27;1;64;0,0001;sigmoid;Huber;1;RMSprop;18,6191;18,6191;4 000
T1-T3-T4_T5/trial_28;2;256;0,0001;ReLU;MSE;1;Adagrad;3,703;3,703;7 800
T1-T3-T4_T5/trial_29;4;64;0;tanh;MAE;1;Adam;28,0529;28,0529;4 000
T1-T3-T4_T5/trial_3;3;128;0,0004;ReLU;MSE;0;RMSprop;4,241;4,241;500
T1-T3-T4_T5/trial_30;1;128;0;ReLU;Huber;1;Adam;3,5061;3,5061;2 808
T1-T3-T4_T5/trial_31;1;128;0;ReLU;Huber;1;Adam;3,4749;3,4749;2 262
T1-T3-T4_T5/trial_32;1;128;0;ReLU;Huber;1;Adam;3,3948;3,3948;4 758
T1-T3-T4_T5/trial_33;1;128;0;ReLU;Huber;1;Adam;3,4374;3,4374;2 730
T1-T3-T4_T5/trial_34;2;128;0;ReLU;Huber;1;Adam;3,6067;3,6067;1 050
T1-T3-T4_T5/trial_35;3;128;0;ReLU;Huber;0;Adam;3,6193;3,6193;1 130
T1-T3-T4_T5/trial_36;3;512;0;ReLU;Huber;0;Adam;3,5183;3,5183;470
T1-T3-T4_T5/trial_37;3;512;0;ReLU;Huber;0;Adam;3,4456;3,4456;560
T1-T3-T4_T5/trial_38;3;512;0;ReLU;Huber;0;Adam;3,5596;3,5596;490
T1-T3-T4_T5/trial_39;3;512;0;ReLU;Huber;0;Adam;3,4885;3,4885;540
T1-T3-T4_T5/trial_4;3;1 024;0,0039;sigmoid;MAE;0;Adam;9,9414;9,9414;312
T1-T3-T4_T5/trial_40;3;512;0;ReLU;Huber;0;Adam;3,488;3,488;570
T1-T3-T4_T5/trial_41;3;512;0;ReLU;Huber;0;Adam;3,5363;3,5363;550
T1-T3-T4_T5/trial_42;3;512;0;ReLU;Huber;0;Adam;3,5757;3,5757;540
T1-T3-T4_T5/trial_43;3;512;0;ReLU;Huber;0;Adam;3,5341;3,5341;620
T1-T3-T4_T5/trial_44;4;512;0;ReLU;Huber;0;Adam;3,5564;3,5564;650
T1-T3-T4_T5/trial_45;4;512;0;ReLU;Huber;0;Adam;3,4975;3,4975;680
T1-T3-T4_T5/trial_46;4;512;0;ReLU;Huber;0;Adam;3,5483;3,5483;650
T1-T3-T4_T5/trial_47;4;512;0;ReLU;Huber;0;Adam;3,5239;3,5239;710
T1-T3-T4_T5/trial_48;5;512;0;ReLU;Huber;0;Adam;3,5763;3,5763;320
T1-T3-T4_T5/trial_49;4;512;0;ReLU;MSE;0;Adam;3,4511;3,4511;770
T1-T3-T4_T5/trial_5;5;32;0;sigmoid;MAE;0;Adagrad;29,1493;29,1493;7 800
T1-T3-T4_T5/trial_6;1;128;0,0001;sigmoid;MAE;1;RMSprop;3,7522;3,7522;12 324
T1-T3-T4_T5/trial_7;2;32;0;sigmoid;MSE;0;Adagrad;28,6963;28,6963;15 600
T1-T3-T4_T5/trial_8;4;512;0,0001;tanh;Huber;1;Adam;9,9441;9,9441;7 800
T1-T3-T4_T5/trial_9;5;64;0,0038;tanh;Huber;0;Adam;10,0462;10,0462;200
T1-T3_T4/trial_0;1;1 024;0,0057;ReLU;MAE;0;Adagrad;3,284;3,284;350
T1-T3_T4/trial_1;5;32;0,0001;sigmoid;MSE;0;Adagrad;30,6342;30,6342;2 800
T1-T3_T4/trial_10;3;512;0,0006;tanh;Huber;1;Adam;9,2174;9,2174;784
T1-T3_T4/trial_11;4;128;0,0011;ReLU;Huber;1;RMSprop;3,0873;3,0873;1 853
T1-T3_T4/trial_12;5;128;0,001;ReLU;Huber;1;RMSprop;3,2495;3,2495;2 071
T1-T3_T4/trial_13;4;64;0,0001;ReLU;Huber;1;RMSprop;3,0567;3,0567;5 886
T1-T3_T4/trial_14;3;64;0;ReLU;Huber;1;RMSprop;3,0092;3,0092;9 047
T1-T3_T4/trial_15;2;64;0;tanh;Huber;1;Adam;26,3726;26,3726;5 600
T1-T3_T4/trial_16;3;64;0;ReLU;MSE;1;RMSprop;3,3401;3,3401;3 052
T1-T3_T4/trial_17;1;512;0,0001;ReLU;Huber;1;Adam;3,0169;3,0169;1 526
T1-T3_T4/trial_18;2;1 024;0;sigmoid;Huber;1;RMSprop;3,3245;3,3245;6 545
T1-T3_T4/trial_19;3;64;0,0002;tanh;MSE;1;Adam;4,0633;4,0633;19 620
T1-T3_T4/trial_2;2;256;0,0057;ReLU;MAE;1;Adagrad;3,4578;3,4578;392
T1-T3_T4/trial_20;2;64;0,0001;ReLU;Huber;1;RMSprop;3,3919;3,3919;1 232
T1-T3_T4/trial_21;1;512;0,0002;ReLU;Huber;1;Adam;3,0471;3,0471;1 308
T1-T3_T4/trial_22;1;512;0,0001;ReLU;Huber;1;Adam;3,2807;3,2807;1 635
T1-T3_T4/trial_23;1;512;0;ReLU;Huber;1;Adam;2,9989;2,9989;2 725
T1-T3_T4/trial_24;3;1 024;0;ReLU;Huber;1;Adam;3,0275;3,0275;1 526
T1-T3_T4/trial_25;2;512;0;ReLU;Huber;1;Adam;3,0716;3,0716;5 123
T1-T3_T4/trial_26;1;32;0;ReLU;Huber;1;Adam;3,2045;3,2045;5 600
T1-T3_T4/trial_27;3;1 024;0,0001;ReLU;Huber;1;RMSprop;3,5823;3,5823;770
T1-T3_T4/trial_28;2;64;0,0003;sigmoid;MAE;1;Adam;3,7724;3,7724;8 829
T1-T3_T4/trial_29;1;512;0;tanh;MSE;0;RMSprop;4,6837;4,6837;2 800
T1-T3_T4/trial_3;4;128;0,0021;ReLU;Huber;1;Adagrad;3,1486;3,1486;896
T1-T3_T4/trial_30;1;1 024;0,0001;ReLU;MAE;1;Adam;3,1859;3,1859;924
T1-T3_T4/trial_31;3;1 024;0;ReLU;Huber;1;Adam;2,9676;2,9676;1 635
T1-T3_T4/trial_32;3;1 024;0,0001;ReLU;Huber;1;Adam;3,0334;3,0334;1 635
T1-T3_T4/trial_33;4;1 024;0;ReLU;Huber;1;Adam;3,0192;3,0192;2 398
T1-T3_T4/trial_34;5;1 024;0;ReLU;Huber;1;Adagrad;3,9722;3,9722;21 800
T1-T3_T4/trial_35;4;32;0;ReLU;Huber;0;Adam;3,0208;3,0208;15 042
T1-T3_T4/trial_36;4;32;0;sigmoid;MSE;0;Adam;29,6402;29,6402;2 800
T1-T3_T4/trial_37;5;32;0;ReLU;Huber;0;Adam;3,0157;3,0157;21 800
T1-T3_T4/trial_38;4;256;0;ReLU;MAE;0;Adam;2,9968;2,9968;4 578
T1-T3_T4/trial_39;4;32;0;ReLU;Huber;0;Adam;3,2133;3,2133;2 800
T1-T3_T4/trial_4;4;256;0,0001;sigmoid;Huber;0;RMSprop;4,8753;4,8753;2 604
T1-T3_T4/trial_40;5;32;0,0001;sigmoid;Huber;0;Adagrad;30,4864;30,4864;21 800
T1-T3_T4/trial_41;5;32;0;ReLU;Huber;0;Adam;3,0115;3,0115;19 293
T1-T3_T4/trial_42;5;32;0;ReLU;Huber;0;Adam;3,0166;3,0166;12 317
T1-T3_T4/trial_43;4;32;0;ReLU;Huber;0;Adam;3,1187;3,1187;21 800
T1-T3_T4/trial_44;5;128;0;ReLU;Huber;0;Adam;2,982;2,982;7 194
T1-T3_T4/trial_45;5;128;0;ReLU;Huber;0;Adam;3,0356;3,0356;5 170
T1-T3_T4/trial_46;5;128;0;tanh;Huber;0;Adam;10,2521;10,2521;11 000
T1-T3_T4/trial_47;5;128;0;ReLU;MAE;0;Adagrad;5,1303;5,1303;11 000
T1-T3_T4/trial_48;5;128;0;ReLU;Huber;0;Adam;3,0741;3,0741;5 445
T1-T3_T4/trial_49;5;128;0,0031;ReLU;MSE;0;Adam;3,592;3,592;660
T1-T3_T4/trial_5;2;1 024;0;ReLU;MSE;0;Adam;3,0123;3,0123;840
T1-T3_T4/trial_6;1;1 024;0,0003;tanh;MAE;0;Adam;3,5933;3,5933;660
T1-T3_T4/trial_7;3;256;0,0038;sigmoid;Huber;0;Adagrad;9,1989;9,1989;1 540
T1-T3_T4/trial_8;2;1 024;0,0001;ReLU;Huber;1;Adam;3,0937;3,0937;392
T1-T3_T4/trial_9;2;32;0,0065;ReLU;MAE;1;Adagrad;3,0329;3,0329;3 052